,Rectal_Temperature,Pulse,Respiratory_Rate,Packed_Cell_Volume,Total_Protein,Surgery,Surgical_Lesion,Age_Adult,ToE_Warm,ToE_Cool,ToE_Cold,PerPul_Increased,PerPul_Reduced,PerPul_Absent,MucMem_Bright,MucMem_Pale,MucMem_Pale_Cyan,MucMem_Red,MucMem_Dark_Cyan,CapRefTime_>=3sec,Pain_Depressed,Pain_Mild,Pain_Intermittent_Severe,Pain_Continuous_Severe,Peris_Hypermotile,Peris_Hypomotile,Peris_Absent,AbdDis_Slight,AbdDis_Moderate,AbdDis_Severe,NasoTube_Slight_Gas,NasoTube_Significant_Gas,NasoReflux_>=1liter,NasoReflux_<1liter,Feces_Increased,Feces_Decreased,Feces_Absent,Abdomen_Abnormal,AbdominoAppear_Cloudy,AbdominoAppear_Serosang,Outcome_Died,Outcome_Euthanized,LesionSite_NonColonLocation,LesionSite_OtherColonLocation,LesionSite_SmallIntestine,LesionSite_LargeIntestine,LesionType_Other,LesionType_Simple,LesionType_Strangulation,LesionSubtype_Mechanical,LesionSubtype_Paralytic
0,0.7573400698324272,-0.015131247370343211,0.1526032586929894,-0.047587276022449866,1.9953034766750395,0,0,1,0,1,0,0,1,0,0,0,0,0,0,1,0,0,0,1,0,0,1,0,0,1,0,0,0,0,0,1,0,1,0,0,1,0,0,1,0,0,1,0,0,0,0
1,2.196062798363678,0.988988250255048,-0.5999327439739466,0.43778183640165025,2.1202433574673503,1,0,1,0,0,0,0,0,0,0,0,1,0,0,0,0,1,0,0,0,0,1,1,0,0,0,0,0,0,0,0,1,1,1,0,0,1,0,0,1,0,0,0,1,0,0
2,0.3462764331092085,-1.201817926382169,-0.22366474264047856,-1.2124731458402902,-0.12867449679425486,0,0,1,0,0,0,0,0,0,0,1,0,0,0,0,0,1,0,0,0,1,0,0,0,0,0,0,0,0,0,0,0,0,0,0,0,0,0,0,0,0,0,0,0,0,0
3,1.9905309800020687,-0.28898201944999535,-0.22366474264047856,0.2436341914320102,0.49602490716730224,1,1,0,0,0,1,0,0,0,0,0,0,0,1,1,1,0,0,0,0,0,1,0,0,1,0,0,1,0,0,1,0,0,0,1,1,0,0,0,1,0,0,0,1,0,0
4,-1.7090417505068556,1.7192569758007872,0.8110722610265584,2.7675535760373307,0.7459046687519253,0,0,1,0,0,0,0,0,0,0,0,0,0,1,1,0,0,0,0,0,0,0,0,0,0,0,0,0,0,0,0,0,0,0,0,1,0,0,1,0,0,1,0,0,0,0
5,-0.06478720361399555,-0.28898201944999535,-0.22366474264047856,-0.14466109850726988,-0.12867449679425486,0,0,1,1,0,0,0,0,0,0,1,0,0,0,0,1,0,0,0,0,1,0,1,0,0,1,0,0,0,0,1,0,0,0,0,0,0,0,0,0,0,0,0,0,0,0
6,-0.47585084033721425,-0.8366835636092996,-0.9762007453074145,-0.82417785590101,0.24614514558267916,1,1,1,0,0,0,0,0,0,0,0,0,0,0,0,0,1,0,0,0,1,0,0,1,0,0,0,0,0,0,1,0,1,0,0,0,0,0,0,0,1,0,1,0,0,1
7,-0.06478720361399555,-0.28898201944999535,-0.22366474264047856,-0.14466109850726988,1.8703635958827285,1,1,1,0,1,0,0,0,0,0,0,0,0,0,0,0,0,0,0,0,0,1,1,0,0,1,0,0,0,0,1,0,1,0,0,1,0,0,0,1,0,0,0,1,0,0
8,-0.06478720361399555,0.6238538874821785,0.9051392613599253,-0.72710403341619,-0.7533739007558119,0,1,1,0,1,0,0,0,1,0,1,0,0,0,0,0,0,1,0,0,0,1,0,0,1,1,0,0,0,0,1,0,1,0,0,0,1,0,0,0,1,0,0,1,0,0
9,0.3462764331092085,1.0802718409482654,-0.22366474264047856,-0.53295638844655,-0.7533739007558119,0,0,0,0,0,0,0,0,0,0,0,0,0,0,0,0,0,0,1,0,1,0,0,0,0,1,0,0,0,0,1,0,0,0,0,0,0,0,0,0,0,0,0,0,0,0
10,-0.06478720361399555,-0.015131247370343211,-1.3524687466408825,-0.14466109850726988,-1.003253662340435,1,1,1,0,1,0,0,1,0,0,0,0,1,0,0,0,1,0,0,0,1,0,0,0,0,1,0,0,0,1,0,0,1,1,0,0,0,0,0,1,0,0,1,0,0,1
11,1.9905309800020687,0.2587195247093089,2.410211266693797,0.43778183640165025,1.2456641919211702,0,1,1,1,0,0,0,0,0,1,0,0,0,0,0,1,0,0,0,1,0,0,1,0,0,0,0,0,0,0,0,1,1,0,0,0,0,0,0,1,0,0,1,0,1,0
12,-1.9145735688684504,-1.1105343356889519,-1.3524687466408825,-0.14466109850726988,0.24614514558267916,1,0,1,1,0,0,0,0,0,0,0,0,0,0,0,0,1,0,0,0,1,0,0,1,0,0,1,0,0,0,0,1,1,0,0,0,0,0,1,0,0,0,1,0,0,1
13,-0.2703190219756049,1.171555431641483,0.1526032586929894,-0.82417785590101,-0.878313781548124,0,0,0,0,0,0,0,0,0,1,0,0,0,0,0,0,0,0,0,0,1,0,1,0,0,0,1,0,0,0,0,0,0,0,0,1,0,0,0,0,0,0,0,0,0,0
14,0.1407446147476138,0.4412867060957437,0.1526032586929894,0.049486546462370155,1.6204838342981043,1,1,1,0,1,0,0,0,0,0,0,0,0,0,0,0,1,0,0,0,0,1,0,0,0,1,0,1,0,0,0,1,1,0,0,0,0,0,0,1,0,0,1,0,1,0
15,-1.0924462954220278,1.3541226130279176,2.033943265360329,-0.047587276022449866,-0.0037346160019438787,1,1,1,0,1,0,0,0,0,0,0,1,0,0,0,0,0,0,1,0,1,0,0,1,0,1,0,0,1,0,0,1,0,0,0,1,0,0,0,0,1,0,0,1,0,0
16,-0.06478720361399555,-0.28898201944999535,0.9051392613599253,0.7290033038561103,1.2456641919211702,1,0,0,0,1,0,0,1,0,0,0,1,0,0,1,0,0,1,0,0,0,1,0,1,0,0,1,0,0,0,0,1,1,0,1,1,0,1,0,0,0,1,0,0,0,0
17,-1.297978113783637,-0.8366835636092996,-0.22366474264047856,-0.14466109850726988,-0.12867449679425486,0,0,1,0,0,0,0,0,0,0,0,0,0,0,0,0,0,0,0,0,0,0,0,0,0,0,0,0,0,0,0,0,0,0,0,0,0,0,0,0,0,0,0,0,0,0
18,-1.0924462954220278,-0.1064148380635606,-0.5058657436405796,-0.53295638844655,0.24614514558267916,1,1,1,0,0,0,0,0,0,1,0,0,0,0,0,1,0,0,0,0,1,0,0,0,0,0,0,0,0,1,0,0,1,0,0,0,0,0,1,0,0,0,0,1,0,0
19,2.607126435086882,1.9931077478804393,0.8110722610265584,0.9231509488257503,2.3701231190519723,0,0,1,0,0,1,0,1,0,0,0,0,0,1,0,0,0,0,0,0,1,0,0,1,0,0,0,0,0,0,0,0,0,0,0,0,0,0,0,0,0,0,0,0,0,0
20,-0.06478720361399555,0.2587195247093089,3.1627472693607332,0.049486546462370155,-0.878313781548124,1,1,1,0,0,0,0,0,0,0,0,0,1,0,1,0,0,0,1,0,0,1,0,0,1,0,1,0,0,0,0,1,1,1,0,0,0,0,0,1,0,0,1,0,1,0
21,0.5518082514708179,-0.8366835636092996,-0.9762007453074145,0.3407080139168302,-0.0037346160019438787,0,0,1,0,0,0,0,0,0,0,0,0,0,0,0,0,0,0,0,0,1,0,0,0,0,1,0,0,1,0,0,1,0,0,0,0,0,0,0,0,0,0,0,0,0,0
22,0.9628718881940366,-1.1105343356889519,0.7170052606931914,0.2436341914320102,0.49602490716730224,1,1,1,1,0,0,0,0,0,0,0,1,0,0,0,1,0,0,0,0,1,0,0,0,0,0,0,0,0,0,0,0,0,0,0,0,0,0,0,0,1,0,1,0,1,0
23,0.3462764331092085,-0.28898201944999535,3.1627472693607332,0.43778183640165025,0.24614514558267916,1,1,0,0,0,0,0,1,0,0,0,0,0,0,0,1,0,0,0,0,0,1,0,0,0,0,0,0,0,0,0,0,0,0,0,0,0,0,0,0,1,0,1,0,1,0
24,-0.06478720361399555,-0.28898201944999535,-1.3524687466408825,0.5348556588864702,-0.3785542583788779,1,1,1,0,1,0,0,1,0,0,1,0,0,0,0,0,0,0,0,0,0,1,0,1,0,0,1,1,0,0,0,0,0,0,0,0,0,0,0,0,1,0,1,0,1,0
25,-0.6813826586988235,-0.28898201944999535,1.4695412633601272,-0.14466109850726988,-0.12867449679425486,0,0,1,0,0,0,0,0,0,0,0,0,0,0,0,0,0,0,0,0,0,0,0,0,0,0,0,0,0,0,0,0,0,0,0,0,0,0,0,0,0,0,0,0,0,0
26,0.3462764331092085,0.2587195247093089,0.3407372593597234,-0.2417349209920899,0.24614514558267916,1,1,1,0,0,1,0,1,0,0,1,0,0,0,1,0,1,0,0,0,1,0,0,1,0,1,0,0,0,0,1,0,1,1,0,0,0,0,0,0,1,0,1,0,1,0
27,-0.6813826586988235,-0.8366835636092996,-1.3524687466408825,-0.82417785590101,-1.627953066301992,1,0,1,0,1,0,0,0,0,0,0,0,0,0,0,0,0,0,0,0,1,0,1,0,0,0,0,0,0,0,0,0,0,1,0,0,0,0,1,0,0,0,1,0,0,1
28,-0.06478720361399555,-0.28898201944999535,-0.22366474264047856,-0.14466109850726988,-0.12867449679425486,1,0,1,0,0,0,0,0,0,0,0,0,0,0,0,0,0,0,0,0,0,0,0,0,0,0,0,0,0,0,0,0,0,0,0,1,0,0,1,0,0,1,0,0,0,0
29,-0.8869144770604183,-0.8366835636092996,-0.22366474264047856,-0.047587276022449866,0.9957844303365483,0,0,1,1,0,0,0,0,0,0,0,0,0,0,0,0,0,0,0,1,0,0,0,0,0,0,0,0,0,0,0,0,0,0,0,0,0,0,0,0,0,0,0,0,0,0
30,-0.8869144770604183,1.3541226130279176,0.3407372593597234,1.9909629961587705,0.8708445495442363,0,1,1,0,1,0,0,1,0,0,0,1,0,0,1,0,0,0,1,0,0,1,0,0,1,0,1,1,0,0,0,1,1,0,0,1,0,0,1,0,0,0,0,1,0,0
31,-1.9145735688684504,1.9018241571872219,-1.3524687466408825,0.6319294813712902,1.7454237150904153,0,1,1,0,1,0,0,1,0,0,0,1,0,0,1,1,0,0,0,0,0,1,1,0,0,0,0,0,1,0,1,0,0,0,1,0,1,0,0,1,0,0,0,1,0,0
32,-1.9145735688684504,-0.28898201944999535,-0.22366474264047856,-0.2417349209920899,-0.2536143775865669,1,1,1,1,0,0,0,0,0,0,0,0,0,0,0,0,1,0,0,0,1,0,0,1,0,1,0,0,0,0,0,1,1,0,0,0,0,0,0,1,0,0,0,1,0,0
33,0.1407446147476138,-0.1064148380635606,0.1526032586929894,0.3407080139168302,2.2451832382596613,1,1,1,0,0,0,0,0,0,0,0,0,0,0,0,0,1,0,0,1,0,0,0,0,0,0,0,0,0,0,0,1,1,1,0,0,0,0,0,1,0,0,0,1,0,0
34,-0.06478720361399555,1.5366897944143523,0.3407372593597234,0.6319294813712902,-0.2536143775865669,1,1,1,0,1,0,0,1,0,0,0,1,0,0,1,0,0,0,1,0,0,1,0,0,1,0,1,0,1,0,0,1,1,0,0,0,0,1,0,0,0,0,1,0,0,1
35,-0.06478720361399555,1.7192569758007872,-0.22366474264047856,2.670479753552511,1.9953034766750395,0,1,1,0,0,1,0,1,0,0,1,0,0,0,1,0,0,1,0,0,0,1,0,1,0,0,0,0,1,0,0,0,1,0,0,0,1,0,1,0,0,0,1,0,1,0
36,0.3462764331092085,2.0843913385736568,-0.9762007453074145,0.5348556588864702,-1.003253662340435,0,0,1,0,0,0,0,1,0,0,0,0,1,0,1,0,0,0,0,0,0,0,0,0,0,0,0,1,0,0,0,0,1,1,0,0,1,0,1,0,0,0,0,1,0,0
37,-0.6813826586988235,0.2587195247093089,-0.22366474264047856,1.0202247713105703,1.4955439535057933,1,1,1,0,0,0,0,1,0,0,0,0,0,0,0,0,0,0,1,0,1,0,0,0,0,0,0,0,0,0,0,0,0,0,0,0,0,0,0,0,1,0,1,0,1,0
38,0.9628718881940366,-0.654116382222865,-0.22366474264047856,-1.3095469683251102,-0.2536143775865669,0,0,1,0,0,0,0,0,0,0,0,0,0,0,0,0,1,0,0,0,1,0,1,0,0,0,0,0,0,0,0,0,0,0,0,0,0,0,0,0,0,0,0,0,0,0
39,2.196062798363678,-0.28898201944999535,-0.22366474264047856,-0.14466109850726988,-0.12867449679425486,1,1,0,0,0,0,0,0,0,0,0,0,0,0,0,0,0,0,0,0,0,0,0,0,0,0,0,0,0,0,0,0,0,0,0,1,0,0,0,1,0,0,1,0,1,0
40,-0.06478720361399555,0.988988250255048,-0.22366474264047856,1.6997415287043105,-0.3785542583788779,1,1,1,0,1,0,0,1,0,0,0,0,0,1,1,0,0,0,1,0,1,0,0,1,0,0,0,0,1,0,0,1,1,0,1,1,0,0,1,0,0,0,0,1,0,0
41,1.7849991616404592,-0.28898201944999535,-0.22366474264047856,0.14656036894719018,2.1202433574673503,0,1,0,0,0,0,0,0,0,0,0,0,0,0,0,0,0,0,0,0,0,0,0,0,0,0,0,0,0,0,0,0,0,0,0,0,0,1,0,0,0,1,0,0,0,0
42,-0.2703190219756049,-0.28898201944999535,-1.3524687466408825,0.14656036894719018,0.24614514558267916,0,0,1,0,1,0,0,0,0,0,1,0,0,0,0,0,1,0,0,0,1,0,0,0,0,0,0,0,0,1,0,0,1,0,0,0,0,0,0,0,1,0,1,0,1,0
43,-0.06478720361399555,2.449525701346526,-0.22366474264047856,0.6319294813712902,-0.12867449679425486,1,1,1,0,1,0,0,0,1,0,0,1,0,0,0,0,0,1,0,0,0,1,0,0,1,0,0,0,0,0,0,0,1,1,0,0,1,0,0,0,1,0,0,1,0,0
44,-0.06478720361399555,-0.28898201944999535,-0.22366474264047856,1.1172985937953903,0.1212052647903682,1,1,1,0,1,0,0,1,0,0,0,1,0,0,1,0,0,1,0,0,0,1,0,0,0,1,0,0,0,0,0,0,1,0,1,0,1,0,0,0,1,0,0,1,0,0
45,-0.06478720361399555,2.449525701346526,-0.22366474264047856,1.4085200612498505,-0.3785542583788779,0,1,1,0,0,1,0,1,0,0,0,1,0,0,1,0,0,0,1,0,0,1,0,0,1,0,0,0,0,0,0,1,1,0,1,1,0,0,0,0,1,0,0,1,0,0
46,-0.47585084033721425,-0.28898201944999535,-1.0702677456407814,1.8938891736739505,0.8708445495442363,1,1,1,0,1,0,0,0,0,0,0,1,0,0,1,0,0,0,1,0,0,1,0,0,1,1,0,1,0,0,0,1,1,0,0,0,0,0,0,1,0,1,0,0,0,0
47,-1.297978113783637,-0.8366835636092996,-0.9762007453074145,-0.82417785590101,-0.3785542583788779,0,0,1,0,0,0,0,0,0,0,0,0,0,0,0,0,0,0,0,1,0,0,0,0,0,0,0,0,0,0,0,0,0,0,0,0,0,0,0,0,0,0,0,0,0,0
48,1.57946734327885,0.6238538874821785,1.6576752640268613,0.8260771263409303,-0.3785542583788779,1,1,1,0,1,0,0,1,0,0,1,0,0,0,1,1,0,0,0,0,1,0,0,1,0,1,0,1,0,0,1,0,0,0,1,1,0,0,1,0,0,0,1,0,1,0
49,-1.9145735688684504,0.8064210688686132,2.033943265360329,2.670479753552511,-1.627953066301992,0,0,1,0,1,0,0,1,0,0,0,0,1,0,1,0,0,1,0,1,0,0,1,0,0,0,0,1,0,1,0,0,0,1,0,1,0,0,1,0,0,1,0,0,0,0
50,0.9628718881940366,-0.9279671543025171,-0.22366474264047856,0.3407080139168302,-0.12867449679425486,0,0,1,0,0,0,0,0,0,1,0,0,0,0,0,0,0,0,0,0,1,0,1,0,0,0,0,0,0,0,0,0,1,0,0,0,0,0,0,0,1,0,1,0,1,0
51,-1.5035099321452463,0.8064210688686132,0.9051392613599253,-0.14466109850726988,-0.12867449679425486,1,1,1,0,0,0,0,0,0,0,1,0,0,0,1,0,1,0,0,0,1,0,1,0,0,0,0,0,0,0,0,1,1,0,1,1,0,0,1,0,0,0,0,1,0,0
52,-0.06478720361399555,-0.28898201944999535,-0.22366474264047856,-0.2417349209920899,1.1207243111288594,0,0,1,0,0,0,0,0,0,0,1,0,0,0,0,0,0,0,0,0,1,0,0,0,0,0,0,0,0,1,0,0,1,0,0,0,0,0,0,0,1,0,1,0,1,0
53,0.9628718881940366,-1.201817926382169,-0.5999327439739466,-0.43588256596173,-0.5034941391711889,0,0,1,0,0,0,0,0,0,0,0,0,0,0,0,0,0,0,0,0,0,0,0,0,0,0,0,0,0,0,0,0,0,0,0,0,0,0,0,0,1,0,1,0,1,0
54,-0.06478720361399555,2.175674929266874,0.9051392613599253,1.1172985937953903,1.6204838342981043,0,1,1,0,1,0,0,1,0,0,0,0,0,0,1,1,0,0,0,0,1,0,0,1,0,1,0,0,0,0,0,0,1,0,1,0,1,0,1,0,0,1,0,0,0,0
55,0.9628718881940366,-0.28898201944999535,-0.5999327439739466,-0.72710403341619,-0.12867449679425486,1,1,0,0,1,0,0,0,0,0,0,0,1,0,0,0,1,0,0,0,1,0,0,0,1,0,1,0,0,0,0,1,0,1,0,1,0,0,1,0,0,0,1,0,1,0
56,-0.06478720361399555,-0.28898201944999535,-0.22366474264047856,-2.0861375482036704,-0.12867449679425486,1,1,1,0,0,0,0,0,0,0,0,0,0,0,0,0,0,0,0,0,0,0,0,0,0,0,0,0,0,0,0,0,0,0,0,0,0,0,0,0,1,0,1,0,1,0
57,-0.06478720361399555,-0.1064148380635606,0.9051392613599253,-0.3388087434769099,1.1207243111288594,1,1,1,1,0,0,0,0,0,1,0,0,0,0,0,0,0,0,1,0,1,0,0,1,0,1,0,1,0,0,0,0,0,0,0,1,0,0,0,0,1,0,0,1,0,0
58,-0.06478720361399555,-0.28898201944999535,-0.5999327439739466,0.7290033038561103,-1.128193543132746,1,1,1,0,0,1,0,1,0,0,1,0,0,0,0,0,0,0,1,0,0,1,0,1,0,1,0,0,0,0,0,1,1,0,1,1,0,0,0,0,1,0,0,1,0,0
59,-0.06478720361399555,1.3541226130279176,-0.22366474264047856,1.4085200612498505,-0.12867449679425486,0,1,1,0,1,0,0,1,0,0,1,0,0,0,1,0,0,0,1,0,0,1,0,0,1,0,0,1,0,0,0,1,1,0,0,1,0,0,1,0,0,0,0,1,0,0
60,-0.6813826586988235,-0.8366835636092996,0.5288712600264573,-0.82417785590101,-0.12867449679425486,0,0,1,0,0,0,0,0,0,0,1,0,0,0,0,1,0,0,0,1,0,0,0,0,0,0,0,0,0,0,0,1,1,0,0,0,0,0,0,1,0,0,1,0,0,1
61,0.7573400698324272,-0.28898201944999535,-0.22366474264047856,-0.14466109850726988,1.1207243111288594,0,0,1,1,0,0,1,0,0,0,0,0,0,0,0,0,0,0,0,0,0,0,1,0,0,1,0,0,0,0,0,0,0,0,0,0,0,0,0,0,0,0,0,0,0,0
62,-0.6813826586988235,0.988988250255048,-0.41179874330721256,1.7968153511891305,1.4955439535057933,1,1,1,1,0,0,0,0,0,1,0,0,0,0,0,0,1,0,0,0,0,0,0,0,0,1,0,0,0,0,0,1,0,0,0,1,0,0,0,0,1,0,0,1,0,0
63,0.1407446147476138,-0.28898201944999535,-0.9762007453074145,1.8938891736739505,1.7454237150904175,0,0,1,0,0,1,0,1,0,0,0,1,0,0,1,1,0,0,0,0,0,1,0,0,1,0,0,0,0,0,0,0,0,1,0,0,1,0,0,1,0,0,0,1,0,0
64,1.7849991616404592,-0.1064148380635606,0.9051392613599253,-0.14466109850726988,0.8708445495442363,1,1,1,0,1,0,0,0,0,0,0,1,0,0,1,0,1,0,0,0,1,0,1,0,0,0,0,1,0,0,0,1,1,0,1,0,0,0,0,1,0,0,1,0,1,0
65,-0.06478720361399555,-0.28898201944999535,0.9051392613599253,-1.8919899032340302,0.49602490716730224,1,1,1,0,1,0,0,0,0,0,1,0,0,0,0,0,1,0,0,0,1,0,1,0,0,0,0,0,0,0,1,0,1,1,0,0,0,0,0,1,0,0,0,1,0,0
66,-0.47585084033721425,0.2587195247093089,-0.22366474264047856,1.2143724162802103,0.7459046687519253,0,1,1,0,0,0,0,0,0,0,0,0,1,0,1,0,1,0,0,0,1,0,0,0,0,0,0,0,1,0,1,0,1,0,0,0,0,0,0,1,0,1,0,0,0,1
67,0.5518082514708179,-0.5628327915296475,-0.22366474264047856,0.3407080139168302,0.49602490716730224,0,0,1,0,0,0,0,0,0,0,0,0,0,0,0,0,0,0,0,0,1,0,0,0,0,1,0,0,0,0,1,0,1,0,0,0,0,0,0,0,1,0,1,0,1,0
68,-0.06478720361399555,-0.654116382222865,-0.9762007453074145,0.9231509488257503,0.49602490716730224,0,0,1,0,0,0,0,0,0,0,1,0,0,0,0,0,0,0,0,0,0,0,0,0,0,1,0,0,1,0,0,0,0,0,0,0,0,0,0,1,0,0,1,0,0,1
69,-0.2703190219756049,-0.8366835636092996,-1.3524687466408825,-0.3388087434769099,-0.6284340199635009,0,0,1,0,0,0,0,0,0,0,0,0,0,0,0,0,0,0,0,0,1,0,0,0,0,0,0,0,0,0,1,0,1,1,0,0,0,0,0,0,1,0,1,0,1,0
70,-2.325637205591669,-0.28898201944999535,-0.5999327439739466,-0.2417349209920899,0.9957844303365472,0,1,1,0,1,0,0,0,0,0,0,0,0,0,0,0,1,0,0,0,0,0,0,1,0,1,0,1,0,0,0,1,1,0,0,0,1,0,0,1,0,0,0,1,0,0
71,-0.6813826586988235,-0.8366835636092996,0.1526032586929894,0.049486546462370155,-1.128193543132746,1,0,1,0,0,0,0,0,0,0,0,0,0,0,0,0,0,0,0,0,0,0,0,0,0,1,0,0,0,0,0,0,0,1,0,0,0,0,0,0,0,0,0,0,0,0
72,-0.8869144770604183,-0.47154920083643015,-0.22366474264047856,-0.14466109850726988,-0.12867449679425486,1,1,1,0,0,0,0,0,0,0,0,0,0,0,0,0,0,0,0,0,0,0,0,0,0,0,0,0,0,0,0,0,0,0,0,1,0,0,0,1,0,0,1,0,1,0
73,-0.06478720361399555,-0.654116382222865,-0.22366474264047856,0.8260771263409303,0.8708445495442363,1,1,1,0,0,0,0,0,0,0,0,0,1,0,0,0,0,1,0,0,1,0,0,0,0,1,0,0,1,0,0,0,0,1,0,1,0,0,0,1,0,0,1,0,1,0
74,-0.06478720361399555,-0.28898201944999535,-0.22366474264047856,-0.82417785590101,-2.37759235105586,1,1,0,0,0,0,0,0,0,0,0,0,0,0,0,0,0,0,0,0,0,0,0,0,0,0,0,0,0,0,0,0,0,0,0,1,0,0,1,0,0,0,1,0,0,1
75,-0.06478720361399555,1.5366897944143523,-0.22366474264047856,0.2436341914320102,-1.378073304717369,1,1,0,0,1,0,0,1,0,0,0,0,1,0,1,1,0,0,0,0,1,0,0,0,0,0,0,0,0,0,0,0,0,1,0,0,1,1,0,0,0,1,0,0,0,0
76,-1.0924462954220278,-1.2931015170753866,-0.5999327439739466,-0.82417785590101,-0.0037346160019427694,1,1,1,0,1,0,0,1,0,0,0,0,0,0,0,0,1,0,0,0,1,0,1,0,0,0,0,0,0,0,1,0,0,0,0,0,0,0,0,0,1,0,0,1,0,0
77,1.1684037065556458,-0.654116382222865,-0.5999327439739466,-1.2124731458402902,1.1207243111288594,0,0,1,1,0,0,0,0,0,0,0,0,0,0,0,0,0,0,0,1,0,0,0,0,0,0,0,0,0,0,0,0,0,0,0,0,0,0,0,0,0,0,0,0,0,0
78,-0.06478720361399555,-0.28898201944999535,-0.22366474264047856,0.049486546462370155,-1.128193543132746,1,1,1,0,1,0,0,1,0,0,1,0,0,0,1,0,0,0,1,0,1,0,0,1,0,0,1,1,0,0,0,1,1,0,0,1,0,0,0,0,1,0,1,0,0,1
79,-1.297978113783637,1.3541226130279176,-0.7880667446406805,2.2821844636132305,2.6200028806365965,1,1,1,0,0,0,0,1,0,0,0,0,0,1,1,0,1,0,0,0,0,1,1,0,0,1,0,0,1,0,0,0,1,0,1,0,0,0,0,1,0,0,0,1,0,0
80,-0.06478720361399555,1.445406203721135,0.8110722610265584,0.14656036894719018,-0.5034941391711889,1,1,1,0,1,0,0,1,0,0,0,1,0,0,0,0,0,1,0,0,1,0,1,0,0,0,0,0,0,0,0,1,1,0,1,1,0,0,0,1,0,0,0,1,0,0
81,-1.7090417505068556,-1.201817926382169,-0.22366474264047856,-0.92125167838583,-0.12867449679425486,1,1,1,0,0,0,0,1,0,0,0,0,0,0,0,1,0,0,0,0,1,0,1,0,0,0,1,0,0,0,1,0,1,0,1,0,0,0,0,0,1,0,1,0,1,0
82,-0.06478720361399555,1.5366897944143523,-0.22366474264047856,-0.92125167838583,-1.378073304717369,1,1,0,0,1,0,0,0,0,1,0,0,0,0,0,0,1,0,0,0,0,1,0,0,0,0,0,0,0,0,0,0,0,0,0,0,0,0,0,0,1,0,1,0,1,0
83,-0.2703190219756049,-0.28898201944999535,-0.22366474264047856,2.1851106411284107,1.2456641919211702,1,1,1,0,1,0,0,1,0,0,0,0,0,1,1,0,0,0,1,0,0,0,0,0,1,0,0,0,0,0,0,0,0,0,0,1,0,0,0,0,1,0,0,1,0,0
84,-0.6813826586988235,-0.28898201944999535,-0.22366474264047856,-0.53295638844655,-0.12867449679425486,1,1,1,0,0,0,0,1,0,1,0,0,0,0,1,1,0,0,0,0,1,0,0,1,0,0,0,1,0,0,0,1,0,1,0,0,0,0,1,0,0,0,0,1,0,0
85,-0.2703190219756049,-0.5628327915296475,0.3407372593597234,-0.047587276022449866,-0.7533739007558119,0,0,1,1,0,0,0,1,0,0,1,0,0,0,1,0,1,0,0,1,0,0,1,0,0,1,0,1,0,0,0,0,1,0,0,0,0,0,1,0,0,0,1,0,0,0
86,-0.06478720361399555,0.988988250255048,1.2814072626933932,0.43778183640165025,1.1207243111288594,1,1,1,0,1,0,0,1,0,0,0,1,0,0,1,0,0,0,1,0,0,1,0,1,0,0,1,0,0,0,0,1,1,0,1,1,0,0,1,0,0,0,0,1,0,0
87,-0.06478720361399555,-1.201817926382169,-0.9762007453074145,0.43778183640165025,0.24614514558267916,0,1,1,0,0,0,0,0,0,0,0,0,0,0,0,0,0,0,0,0,0,0,0,0,0,0,0,0,0,0,0,0,0,1,0,0,1,0,0,1,0,0,0,1,0,0
88,1.7849991616404592,-0.1064148380635606,1.2814072626933932,-0.3388087434769099,0.8708445495442363,0,0,1,0,0,0,0,0,0,0,0,0,1,0,0,0,1,0,0,0,1,0,1,0,0,1,0,0,0,0,1,0,0,1,0,0,0,0,1,0,0,0,1,0,0,0
89,0.3462764331092085,-1.1105343356889519,-1.5406027473076165,-0.72710403341619,-0.8783137815481229,0,0,1,0,0,0,0,0,0,0,0,0,0,0,0,0,0,0,0,1,0,0,0,0,0,0,0,0,0,0,0,0,0,0,0,0,0,0,0,0,0,0,0,0,0,0
90,-0.2703190219756049,-0.654116382222865,-0.9762007453074145,0.7290033038561103,2.2451832382596613,0,1,1,0,0,0,0,0,0,0,0,0,0,0,0,1,0,0,0,0,0,0,0,0,0,0,0,0,1,0,0,0,0,0,0,0,0,0,0,1,0,1,0,0,0,1
91,-0.06478720361399555,2.175674929266874,0.9051392613599253,1.1172985937953903,1.6204838342981043,0,1,1,0,1,0,0,1,0,0,0,0,0,0,1,1,0,0,0,0,1,0,0,1,0,1,0,0,0,0,0,0,1,0,1,1,0,0,0,0,1,0,0,1,0,0
92,1.3739355249172407,-0.7453999729160823,-0.5999327439739466,-0.3388087434769099,-0.7533739007558119,0,0,1,0,1,0,0,0,0,0,0,0,0,0,0,0,0,0,0,1,0,0,0,0,0,1,0,0,0,0,1,0,0,0,0,0,0,0,0,0,0,0,0,0,0,0
93,-0.06478720361399555,-0.28898201944999535,-0.22366474264047856,-0.72710403341619,-0.3785542583788779,0,1,1,0,1,0,0,1,0,0,0,0,0,0,0,0,0,0,1,0,1,0,0,1,0,0,0,0,0,0,0,1,1,0,0,1,0,0,0,0,1,0,0,1,0,0
94,-1.297978113783637,-0.8366835636092996,0.3407372593597234,0.2436341914320102,2.2451832382596613,0,0,1,0,0,1,0,0,0,0,1,0,0,0,0,0,0,0,0,0,0,0,0,0,0,0,0,0,0,0,0,0,0,0,0,0,0,0,0,0,0,0,0,0,0,0
95,-1.7090417505068556,-0.8366835636092996,-0.5999327439739466,-0.43588256596173,0.1212052647903682,1,1,1,0,0,0,0,0,0,1,0,0,0,0,0,0,1,0,0,0,1,0,0,1,0,1,0,0,0,0,1,0,1,0,0,0,0,0,0,0,1,0,0,1,0,0
96,-0.06478720361399555,0.8064210688686132,0.9051392613599253,-0.14466109850726988,2.1202433574673503,0,1,1,0,0,0,0,0,0,0,1,0,0,0,0,0,0,0,0,0,1,0,0,0,0,1,0,0,0,0,1,0,1,0,0,0,0,0,0,0,1,0,1,0,1,0
97,-0.06478720361399555,0.988988250255048,0.5288712600264573,0.9231509488257503,-1.003253662340435,1,0,1,0,1,0,0,1,0,0,0,1,0,0,0,1,0,0,0,0,1,0,0,1,0,0,0,0,1,0,0,1,1,0,0,0,1,0,0,0,1,0,0,1,0,0
98,-0.8869144770604183,-1.0192507449957344,1.2814072626933932,-0.43588256596173,-1.003253662340435,0,0,1,1,0,0,0,0,0,0,1,0,0,0,0,0,0,0,0,0,1,0,1,0,0,0,0,0,0,0,0,0,1,0,0,0,0,0,0,0,0,0,0,0,0,0
99,-0.06478720361399555,1.9018241571872219,2.31614426636043,1.3114462387650305,1.4955439535057933,0,0,1,0,1,0,0,1,0,0,0,0,0,1,1,1,0,0,0,0,0,1,0,1,0,0,0,1,0,0,1,0,1,1,0,0,0,0,1,0,0,1,0,0,0,0
100,0.1407446147476138,-1.201817926382169,-0.9762007453074145,-1.11539932335547,-0.2536143775865658,1,0,1,0,1,0,0,1,0,0,0,0,0,0,0,0,0,0,0,0,1,0,0,0,0,0,0,0,0,0,0,0,0,0,0,0,0,0,0,0,0,0,0,0,0,0
101,-0.06478720361399555,-0.28898201944999535,-0.5999327439739466,-0.14466109850726988,-0.12867449679425486,1,1,1,0,0,1,0,1,0,0,0,1,0,0,1,0,0,0,1,0,0,1,0,0,0,0,0,0,0,0,0,1,1,0,0,0,1,0,0,0,1,0,0,1,0,0
102,0.3462764331092085,-1.201817926382169,-0.9762007453074145,-0.82417785590101,-1.378073304717369,0,0,1,0,1,0,0,0,0,0,0,0,0,0,0,1,0,0,0,0,0,0,0,0,0,0,0,0,0,0,0,0,0,0,0,0,0,0,0,0,0,0,0,0,0,0
103,-0.2703190219756049,-0.28898201944999535,-0.22366474264047856,-0.63003021093137,-1.877832827886615,1,1,0,0,0,0,0,0,0,0,0,0,0,0,0,0,1,0,0,0,1,0,1,0,0,0,0,0,0,1,0,0,0,0,0,0,0,0,1,0,0,0,1,0,1,0
104,-0.6813826586988235,-0.654116382222865,-0.22366474264047856,0.2436341914320102,-0.2536143775865669,1,1,1,0,0,0,0,1,0,0,1,0,0,0,0,0,0,1,0,0,0,1,0,0,0,1,0,0,1,1,0,0,1,0,0,1,0,0,1,0,0,1,0,0,0,0
105,-0.06478720361399555,0.16743593401609155,0.9051392613599253,-0.92125167838583,0.6209647879596132,1,1,1,0,0,0,0,0,0,0,1,0,0,0,1,1,0,0,0,0,1,0,1,0,0,1,0,0,0,0,0,1,1,0,0,0,0,0,0,0,1,0,1,0,1,0
106,0.3462764331092085,-0.654116382222865,-0.22366474264047856,-0.2417349209920899,-0.878313781548124,1,1,1,0,0,0,0,1,0,0,1,0,0,0,0,0,0,0,0,0,0,0,0,0,0,0,0,0,0,0,0,0,0,0,0,0,0,0,0,0,1,0,0,1,0,0
107,-1.7090417505068556,-0.7453999729160823,0.5288712600264573,-0.14466109850726988,0.24614514558267916,0,0,1,0,0,0,0,0,0,0,1,0,0,0,0,0,0,0,0,0,1,0,1,0,0,0,0,0,0,0,0,0,0,0,0,0,0,0,0,0,0,0,0,0,0,0
108,1.1684037065556458,-0.28898201944999535,0.5288712600264573,0.7290033038561103,-0.5034941391711889,1,1,1,0,0,1,0,1,0,1,0,0,0,0,1,0,0,1,0,0,0,1,0,0,1,0,0,0,0,0,0,1,1,0,1,0,1,0,0,0,1,0,0,1,0,0
109,0.5518082514708179,0.8064210688686132,1.2814072626933932,-0.92125167838583,-0.2536143775865669,1,1,0,0,1,0,0,1,0,1,0,0,0,0,0,0,1,0,0,0,1,0,0,1,0,0,0,0,0,0,0,0,0,1,0,1,0,0,0,1,0,0,0,1,0,0
110,-0.06478720361399555,0.16743593401609155,-0.9762007453074145,1.4085200612498505,0.8708445495442363,1,1,1,0,1,0,0,0,1,0,0,0,1,0,1,1,0,0,0,0,1,0,1,0,0,1,0,0,0,0,0,1,1,0,0,1,0,0,0,1,0,0,1,0,1,0
111,0.3462764331092085,-1.201817926382169,-0.9762007453074145,-0.72710403341619,-1.2531334239250569,1,1,1,0,1,0,0,0,0,0,0,0,0,0,0,0,0,0,0,0,1,0,1,0,0,0,0,0,0,0,0,0,0,0,0,0,0,0,0,0,1,0,1,0,1,0
112,-0.06478720361399555,-1.201817926382169,-0.22366474264047856,-0.63003021093137,-1.50301318550968,1,1,1,1,0,0,0,0,0,0,0,0,0,0,0,0,0,0,0,0,1,0,0,0,0,0,0,0,0,0,0,0,1,0,0,0,0,0,0,0,1,0,1,0,1,0
113,-2.736700842314888,-0.28898201944999535,0.1526032586929894,-0.14466109850726988,-0.12867449679425486,1,1,1,0,0,0,0,0,0,0,0,0,0,0,0,0,0,0,0,0,0,0,0,0,0,0,0,0,0,0,0,0,0,0,0,1,0,0,0,0,1,0,0,1,0,0
114,0.5518082514708179,-1.0192507449957344,-0.22366474264047856,0.43778183640165025,1.1207243111288594,1,1,1,0,1,0,0,0,0,0,0,1,0,0,0,0,0,0,1,0,0,1,0,1,0,1,0,0,0,0,0,1,1,0,0,0,0,0,0,0,1,0,0,1,0,0
115,-0.06478720361399555,-0.28898201944999535,1.2814072626933932,-0.047587276022449866,0.24614514558267916,0,0,1,0,1,0,0,0,0,0,0,0,0,0,0,0,1,0,0,0,1,0,1,0,0,0,0,0,0,0,0,0,0,0,0,0,0,0,0,0,0,0,0,0,0,0
116,-0.2703190219756049,-1.0192507449957344,-1.3524687466408825,-0.3388087434769099,-0.3785542583788779,1,1,1,0,0,0,0,0,0,0,0,0,0,0,0,0,1,0,0,0,1,0,0,1,0,1,0,0,0,0,0,1,1,0,0,0,0,0,0,0,1,0,0,1,0,0
117,2.8126582534484914,-0.28898201944999535,-0.22366474264047856,-0.14466109850726988,-0.12867449679425486,0,1,1,0,1,0,0,1,0,0,0,1,0,0,1,0,1,0,0,0,0,1,0,1,0,0,0,0,1,0,0,1,1,0,0,0,1,0,1,0,0,0,0,1,0,0
118,-0.06478720361399555,0.5325702967889611,0.3407372593597234,-1.11539932335547,0.8708445495442363,1,1,1,0,0,0,0,0,0,0,0,0,0,0,0,0,0,0,1,0,1,0,0,0,0,0,0,0,0,0,0,0,0,1,0,0,0,0,0,0,1,0,1,0,1,0
119,-0.06478720361399555,-0.47154920083643015,-0.5999327439739466,0.049486546462370155,0.24614514558267916,0,0,1,1,0,0,0,0,0,1,0,0,0,0,0,0,0,0,0,0,1,0,0,0,0,0,0,0,0,0,0,0,0,0,0,0,0,0,0,0,0,0,0,0,0,0
120,2.607126435086882,-0.5628327915296475,-0.22366474264047856,-0.63003021093137,-1.003253662340435,1,1,1,0,0,0,0,0,0,1,0,0,0,0,0,1,0,0,0,0,1,0,1,0,0,0,0,0,0,0,1,0,1,1,0,0,0,0,0,1,0,0,0,1,0,0
121,0.3462764331092085,0.6238538874821785,1.2814072626933932,2.0880368186435905,-0.12867449679425486,1,1,1,0,0,0,0,0,0,0,0,0,0,1,1,0,0,1,0,0,1,0,0,0,0,0,0,1,0,0,0,0,1,1,0,0,1,0,0,1,0,0,0,1,0,0
122,1.1684037065556458,-1.201817926382169,0.1526032586929894,-0.63003021093137,-0.7533739007558119,0,0,1,1,0,0,0,0,0,0,0,0,0,0,0,0,1,0,0,1,0,0,0,0,0,0,0,0,0,0,0,0,0,0,0,0,0,0,0,0,0,0,0,0,0,0
123,0.1407446147476138,-0.1064148380635606,-0.22366474264047856,-0.047587276022449866,0.8708445495442363,1,1,1,0,0,0,0,0,0,0,1,0,0,0,0,0,0,1,0,0,0,1,0,1,0,1,0,0,0,0,0,1,1,0,0,1,0,0,0,0,1,0,0,1,0,0
124,-1.0924462954220278,-0.8366835636092996,-0.5999327439739466,-0.82417785590101,-1.627953066301992,0,1,1,0,1,0,0,0,0,0,0,1,0,0,0,0,0,0,0,1,0,0,0,1,0,1,0,0,0,0,0,0,0,0,0,0,1,0,0,1,0,0,0,1,0,0
125,-0.2703190219756049,-1.1105343356889519,-0.22366474264047856,-0.43588256596173,0.9957844303365472,1,1,1,0,0,1,0,0,0,0,0,0,0,0,0,0,1,0,0,0,1,0,1,0,0,1,0,1,0,0,0,1,1,0,0,0,0,0,0,1,0,0,0,1,0,0
126,1.1684037065556458,-0.28898201944999535,-0.22366474264047856,-1.2124731458402902,-0.3785542583788779,1,1,1,0,1,0,0,0,0,0,1,0,0,0,0,0,0,0,1,0,0,1,1,0,0,0,0,0,0,0,0,0,0,1,0,0,0,0,0,0,1,0,1,0,1,0
127,-1.5035099321452463,-0.7453999729160823,0.5288712600264573,-0.047587276022449866,1.3706040727134823,1,1,1,0,1,0,0,1,0,0,0,0,0,0,0,0,0,1,0,0,0,1,0,0,0,1,0,0,0,0,0,0,0,1,0,0,0,0,0,1,0,0,0,1,0,0
128,-1.5035099321452463,0.8064210688686132,-0.5999327439739466,-1.4066207908099302,-0.8783137815481229,1,0,1,0,0,0,0,0,0,0,1,0,0,0,0,1,0,0,0,0,1,0,0,1,0,0,0,0,0,0,0,0,0,0,0,0,1,0,0,1,0,0,0,1,0,0
129,0.5518082514708179,-0.791041768262691,-0.22366474264047856,-0.14466109850726988,0.9957844303365472,1,1,1,0,0,0,0,0,0,0,0,0,0,0,0,0,0,0,0,0,0,0,0,0,0,1,0,0,0,0,0,0,0,0,0,0,0,0,0,1,0,0,0,1,0,0
130,-0.6813826586988235,-1.6582358798482562,-1.3524687466408825,-0.14466109850726988,-0.12867449679425486,1,1,1,0,0,0,0,0,0,0,0,0,0,0,0,0,0,0,0,0,0,0,0,0,0,0,0,0,0,0,0,0,0,0,0,1,0,0,0,1,0,0,1,0,1,0
131,-1.0924462954220278,0.988988250255048,0.9051392613599253,-0.14466109850726988,-1.003253662340435,0,1,1,0,1,0,0,0,0,0,0,0,0,0,0,0,1,0,0,0,1,0,1,0,0,0,0,0,1,0,0,0,0,0,0,1,0,1,0,0,0,1,0,0,0,0
132,-0.2703190219756049,-0.8366835636092996,-0.5999327439739466,-0.2417349209920899,0.6209647879596143,0,1,1,0,1,0,0,0,0,0,1,0,0,0,0,0,0,1,0,0,1,0,0,0,0,1,0,0,0,0,1,0,1,1,0,0,0,0,0,0,1,0,1,0,1,0
133,-0.47585084033721425,-1.201817926382169,-0.22366474264047856,-0.53295638844655,-1.378073304717369,0,1,1,0,0,0,0,0,0,0,0,0,0,0,0,1,0,0,0,0,1,0,0,0,0,0,0,0,0,0,0,0,0,0,0,0,0,0,1,0,0,0,1,0,0,0
134,-0.06478720361399555,1.5366897944143523,-0.22366474264047856,1.3114462387650305,-0.6284340199635009,1,1,1,0,1,0,0,0,0,0,0,1,0,0,1,0,0,0,1,0,0,1,0,0,0,1,0,0,0,1,0,0,0,0,0,1,0,0,1,0,0,0,0,1,0,0
135,-0.06478720361399555,-0.28898201944999535,2.033943265360329,-1.2124731458402902,-2.37759235105586,1,1,0,0,1,0,0,1,0,0,1,0,0,0,0,0,0,0,1,1,0,0,0,1,0,1,0,1,0,1,0,0,0,1,0,1,0,0,0,1,0,0,0,1,0,0
136,-0.06478720361399555,-0.28898201944999535,-0.22366474264047856,0.049486546462370155,-1.128193543132746,1,1,1,0,1,0,0,1,0,0,1,0,0,0,1,0,0,0,1,0,1,0,0,1,0,0,1,1,0,0,0,1,1,0,0,1,0,0,0,0,1,0,1,0,0,1
137,-0.2703190219756049,-0.8366835636092996,-0.22366474264047856,-0.14466109850726988,-0.12867449679425486,1,1,1,0,0,0,0,0,0,0,0,0,0,0,0,0,0,0,0,0,0,0,0,0,1,1,0,1,0,0,0,1,1,0,0,0,0,0,0,0,1,0,1,0,1,0
138,-0.2703190219756049,-0.47154920083643015,-0.22366474264047856,-0.3388087434769099,0.37108502637499124,0,0,1,0,0,0,1,0,0,0,1,0,0,0,0,0,0,0,0,1,0,0,0,0,0,0,0,0,0,0,0,0,0,0,0,0,0,0,0,0,0,0,0,0,0,0
139,-0.2703190219756049,-0.28898201944999535,0.5288712600264573,0.43778183640165025,0.24614514558267916,0,0,1,0,0,0,0,0,0,0,0,0,0,0,0,0,1,0,0,0,1,0,0,0,0,0,0,0,0,0,0,0,0,0,0,0,0,0,0,0,0,0,0,0,0,0
140,-0.06478720361399555,-1.0192507449957344,-1.6346697476409835,-1.4066207908099302,0.6209647879596132,1,0,1,0,1,0,0,0,0,0,0,0,0,0,0,1,0,0,0,0,0,0,0,0,0,0,0,0,0,0,0,1,1,0,0,0,0,0,1,0,0,0,1,0,0,1
141,-0.06478720361399555,-1.1105343356889519,0.3407372593597234,1.7968153511891305,-0.0037346160019438787,0,0,1,0,0,0,0,0,0,0,0,0,1,0,0,0,0,0,0,0,0,0,0,0,0,0,0,0,0,0,0,0,0,0,0,1,0,1,0,0,0,1,0,0,0,0
142,-0.06478720361399555,2.449525701346526,-0.22366474264047856,1.1172985937953903,-0.12867449679425486,1,1,1,0,0,1,0,1,0,0,0,0,0,1,1,0,0,0,1,0,0,1,0,0,1,0,0,0,0,0,0,1,1,0,1,1,0,0,0,0,1,0,0,1,0,0
143,-0.6813826586988235,-0.8366835636092996,0.1526032586929894,0.049486546462370155,-1.128193543132746,1,0,1,0,0,0,0,0,0,0,0,0,0,0,1,0,0,0,0,0,0,0,0,0,0,1,0,0,0,0,0,0,0,1,0,0,0,0,0,0,0,0,0,0,0,0
144,-2.1201053872300597,0.8064210688686132,1.2814072626933932,2.864627398522151,1.6204838342981043,1,0,1,0,1,0,0,1,0,0,0,0,0,1,0,1,0,0,0,0,0,1,0,0,1,0,1,1,0,0,0,1,1,0,0,0,1,1,0,0,0,1,0,0,0,0
145,-0.06478720361399555,0.6238538874821785,0.5288712600264573,0.43778183640165025,1.4955439535057933,0,1,1,0,1,0,0,1,0,1,0,0,0,0,0,1,0,0,0,0,1,0,0,1,0,1,0,0,0,0,1,0,0,0,0,0,0,0,0,0,0,0,0,0,0,0
146,0.1407446147476138,-0.8366835636092996,-0.22366474264047856,-0.3388087434769099,0.37108502637499124,1,1,1,0,0,0,0,1,0,0,1,0,0,0,0,0,1,0,0,0,0,1,0,0,1,0,0,0,1,0,0,1,1,0,0,0,0,0,0,0,1,0,1,0,1,0
147,-0.2703190219756049,-1.0192507449957344,-1.3524687466408825,-1.2124731458402902,-0.3785542583788779,0,1,1,1,0,0,0,0,0,0,1,0,0,0,0,0,1,0,0,0,0,1,0,1,0,0,0,1,0,0,0,0,1,0,0,1,0,0,0,1,0,0,0,1,0,0
148,0.3462764331092085,-0.28898201944999535,-0.22366474264047856,1.1172985937953903,1.4955439535057933,1,1,1,0,0,0,0,1,0,0,0,0,0,1,1,1,0,0,0,0,0,1,1,0,0,1,0,0,1,0,0,1,1,0,0,0,0,0,0,1,0,0,1,0,1,0
149,1.1684037065556458,-0.8366835636092996,-0.22366474264047856,-1.11539932335547,-0.6284340199634998,0,0,1,0,0,0,0,0,0,0,0,0,0,0,0,0,0,0,0,1,0,0,0,0,0,0,0,0,0,0,0,0,0,0,0,0,0,0,0,0,0,0,0,0,0,0
150,1.57946734327885,-1.0192507449957344,-1.1643347459741484,-1.2124731458402902,-0.5034941391711889,0,0,1,0,1,0,0,0,0,0,0,0,0,0,0,1,0,0,0,0,1,0,1,0,0,0,0,0,0,0,0,0,1,0,0,0,0,0,0,0,0,0,0,0,0,0
151,2.401594616725273,-0.28898201944999535,-0.22366474264047856,2.864627398522151,-0.12867449679425486,1,1,1,0,0,1,0,1,0,0,0,0,0,1,1,0,0,1,0,0,0,1,1,0,0,0,0,0,1,0,0,1,1,0,1,1,0,0,0,1,0,0,0,1,0,0
152,-0.06478720361399555,1.5366897944143523,-0.22366474264047856,2.1851106411284107,-0.5034941391711889,1,1,1,0,1,0,0,1,0,0,0,1,0,0,1,0,0,0,0,0,0,1,0,0,1,1,0,0,0,0,0,0,0,0,1,0,0,0,0,1,0,0,0,1,0,0
153,0.9628718881940366,-0.8366835636092996,-0.5999327439739466,0.43778183640165025,0.6209647879596132,0,0,1,0,1,0,0,0,0,0,0,0,0,0,0,0,0,0,0,0,1,0,1,0,0,1,0,0,0,0,1,0,1,0,0,0,0,0,0,0,1,0,1,0,1,0
154,1.3739355249172407,-0.8366835636092996,1.2814072626933932,-0.43588256596173,-0.3785542583788779,0,1,1,0,0,0,0,0,0,0,1,0,0,0,0,0,1,0,0,0,1,0,0,0,1,1,0,0,0,0,0,0,1,0,0,0,0,0,1,0,0,0,1,0,0,1
155,-0.2703190219756049,-0.8366835636092996,-0.5999327439739466,0.3407080139168302,1.8703635958827285,0,0,1,0,1,0,0,1,0,0,0,1,0,0,0,0,0,0,0,0,0,1,1,0,0,1,0,0,0,0,0,0,1,0,0,0,0,0,1,0,0,0,1,0,0,0
156,0.9628718881940366,-0.654116382222865,-0.5999327439739466,-0.92125167838583,-0.2536143775865669,0,0,1,0,0,0,0,0,0,0,0,0,0,0,0,0,1,0,0,0,1,0,1,0,0,0,0,0,0,0,0,0,0,0,0,0,0,0,0,0,0,0,0,0,0,0
157,-0.6813826586988235,-0.28898201944999535,-0.22366474264047856,0.6319294813712902,0.8708445495442363,1,1,1,0,0,0,0,0,0,0,1,0,0,0,1,0,0,0,0,0,0,1,0,0,1,1,0,0,1,0,0,0,1,0,0,0,1,0,0,1,0,0,0,1,0,0
158,-0.2703190219756049,-1.1105343356889519,1.2814072626933932,-0.14466109850726988,-0.12867449679425486,0,0,1,0,1,0,0,0,0,0,0,0,0,0,0,0,1,0,0,0,1,0,0,0,0,0,0,0,0,0,0,0,0,0,0,0,0,0,0,0,1,0,1,0,1,0
159,-0.06478720361399555,-0.28898201944999535,-1.3524687466408825,-0.14466109850726988,0.8708445495442363,0,0,1,0,0,0,0,0,0,1,0,0,0,0,0,1,0,0,0,1,0,0,1,0,0,0,1,0,0,0,0,0,0,1,0,0,0,0,0,0,0,0,0,0,0,0
160,-0.06478720361399555,-0.28898201944999535,-0.22366474264047856,-1.01832550087065,-1.2531334239250569,1,1,1,0,0,0,0,0,0,0,0,0,0,0,0,0,0,1,0,0,0,0,0,0,0,0,0,0,0,0,0,0,1,1,0,0,0,0,1,0,0,0,0,1,0,0
161,0.3462764331092085,-1.1105343356889519,-0.22366474264047856,-0.53295638844655,2.1202433574673503,1,1,1,0,0,0,0,0,0,0,0,0,0,0,0,0,0,0,0,0,0,0,0,0,0,0,0,0,0,0,0,0,0,0,0,1,0,0,1,0,0,0,1,0,1,0
162,2.8126582534484914,-0.28898201944999535,-1.5406027473076165,-0.72710403341619,-1.50301318550968,0,0,1,0,1,0,0,0,0,0,0,0,0,0,1,0,1,0,0,0,1,0,1,0,0,1,0,0,0,0,1,0,0,0,0,0,0,0,0,0,0,0,0,0,0,0
163,-0.2703190219756049,-0.015131247370343211,-0.5999327439739466,0.049486546462370155,-0.12867449679425486,1,1,1,0,0,0,0,1,0,0,1,0,0,0,0,0,0,0,1,0,1,0,0,0,0,0,0,0,0,0,1,0,0,0,1,0,1,0,1,0,0,0,0,1,0,0
164,1.1684037065556458,0.4412867060957437,-0.22366474264047856,0.43778183640165025,1.4955439535057933,1,1,1,0,0,0,0,0,0,0,0,0,1,0,1,0,1,0,0,0,1,0,1,0,0,1,0,1,0,0,0,1,1,0,0,0,0,0,0,1,0,0,0,1,0,0
165,2.607126435086882,2.449525701346526,2.033943265360329,1.0202247713105703,-0.5034941391711889,1,0,1,0,0,0,0,0,0,0,0,0,1,0,0,0,0,0,0,0,1,0,0,1,0,0,0,0,0,0,0,1,0,0,0,0,1,1,0,0,0,1,0,0,0,0
166,0.3462764331092085,-1.201817926382169,-0.7880667446406805,-0.2417349209920899,-1.128193543132746,1,0,1,0,0,0,0,0,0,0,0,0,0,0,0,0,1,0,0,1,0,0,0,0,0,0,0,0,0,1,0,0,0,0,0,0,0,0,0,0,0,0,0,0,0,0
167,-0.06478720361399555,-1.0192507449957344,-0.22366474264047856,-0.14466109850726988,-0.6284340199635009,0,0,1,0,0,0,0,0,0,0,0,0,0,0,0,0,1,0,0,0,1,0,0,0,0,1,0,0,0,0,0,0,0,0,0,0,0,0,0,0,1,0,1,0,1,0
168,0.5518082514708179,1.7192569758007872,1.2814072626933932,0.9231509488257503,2.1202433574673503,1,1,1,0,0,0,0,0,0,0,1,0,0,0,0,1,0,0,0,0,0,1,1,0,0,1,0,0,1,0,0,0,1,0,0,0,0,0,0,1,0,0,1,0,0,1
169,-0.06478720361399555,-0.06077304271695191,-0.22366474264047856,-0.14466109850726988,-0.12867449679425486,1,1,1,0,0,0,0,0,0,0,0,0,0,0,1,0,0,0,1,0,0,0,0,0,1,0,1,0,0,0,0,0,1,0,0,0,1,0,0,0,1,0,0,1,0,0
170,-1.297978113783637,-1.0192507449957344,-0.5999327439739466,-1.01832550087065,0.49602490716730224,0,0,1,0,0,0,0,0,0,0,1,0,0,0,0,0,0,0,0,1,0,0,0,0,0,0,0,0,0,0,0,0,0,0,0,0,0,0,0,0,0,0,0,0,0,0
171,1.7849991616404592,0.8977046595618307,-0.9762007453074145,2.1851106411284107,-1.253133423925058,0,1,1,0,1,0,0,1,0,0,0,0,1,0,0,0,1,0,0,0,1,0,0,1,0,0,0,1,0,0,0,0,0,0,1,1,0,0,1,0,0,1,0,0,0,0
172,0.7573400698324272,-0.28898201944999535,2.033943265360329,1.1172985937953903,-0.2536143775865658,1,1,1,0,1,0,0,1,0,0,1,0,0,0,0,1,0,0,0,0,0,1,0,1,0,0,0,0,1,0,0,0,0,0,1,0,0,0,0,1,0,0,0,1,0,0
173,-0.06478720361399555,1.7192569758007872,-0.22366474264047856,2.2821844636132305,2.2451832382596613,1,1,1,0,1,0,0,1,0,0,0,0,1,0,1,1,0,0,0,0,0,1,0,1,0,0,0,0,1,0,0,1,1,1,0,1,0,0,0,1,0,0,0,1,0,0
174,-0.06478720361399555,-0.28898201944999535,-0.22366474264047856,-0.14466109850726988,-0.12867449679425486,0,1,1,0,1,0,0,0,1,0,0,0,0,1,0,0,0,1,0,0,0,0,0,0,1,0,0,0,0,0,0,0,0,0,0,1,0,0,0,0,1,1,0,0,0,0
175,-0.06478720361399555,-0.28898201944999535,-0.22366474264047856,-0.14466109850726988,-0.12867449679425486,1,1,1,0,0,0,0,0,0,0,0,0,0,0,0,0,0,0,0,0,0,0,0,0,0,0,0,0,0,0,0,0,0,0,0,0,0,0,0,1,0,0,0,1,0,0
176,0.1407446147476138,-0.28898201944999535,0.3407372593597234,0.2436341914320102,-0.2536143775865658,1,1,1,0,0,0,0,0,0,0,1,0,0,0,0,0,1,0,0,0,1,0,0,0,0,1,0,0,0,0,1,0,1,0,0,0,0,0,1,0,0,0,1,0,1,0
177,-0.06478720361399555,0.07615234332287417,-1.1643347459741484,-0.14466109850726988,-0.12867449679425486,1,1,1,0,0,0,0,0,0,0,0,1,0,0,0,0,0,1,0,0,0,0,0,0,0,0,0,0,0,0,0,0,0,1,0,1,0,0,1,0,0,0,0,1,0,0
178,-0.06478720361399555,-0.28898201944999535,0.3407372593597234,-0.047587276022449866,0.24614514558267916,1,1,1,0,1,0,0,1,0,0,0,1,0,0,1,0,0,0,1,0,0,1,0,0,1,0,0,0,0,0,0,1,0,0,1,0,0,0,1,0,0,0,1,0,1,0
179,0.7573400698324272,1.5366897944143523,-0.22366474264047856,-0.14466109850726988,-0.12867449679425486,0,0,1,0,1,0,0,1,0,0,0,0,1,0,1,0,0,1,0,0,1,0,0,0,1,1,0,0,0,0,0,1,1,0,0,0,1,1,0,0,0,0,1,0,1,0
180,0.5518082514708179,0.8064210688686132,0.3407372593597234,0.14656036894719018,0.8708445495442363,1,1,1,0,1,0,0,0,0,0,0,0,1,0,1,0,0,1,0,0,1,0,0,1,0,1,0,0,1,0,0,1,1,0,1,1,0,0,0,1,0,1,0,0,0,0
181,-0.6813826586988235,-0.8366835636092996,-1.1643347459741484,-1.01832550087065,0.8708445495442363,0,0,1,0,0,0,0,0,0,0,0,0,0,0,0,0,1,0,0,0,0,0,1,0,0,0,0,0,1,0,0,0,0,0,0,0,0,0,0,0,1,0,1,0,1,0
182,-0.2703190219756049,-0.28898201944999535,-0.22366474264047856,2.1851106411284107,1.2456641919211702,1,1,1,0,1,0,0,1,0,0,0,0,0,1,1,0,0,0,1,0,0,0,0,0,1,0,0,0,0,0,0,0,0,0,0,1,0,0,0,1,0,0,0,1,0,0
183,-0.6813826586988235,-0.47154920083643015,-0.9762007453074145,-0.14466109850726988,-0.0037346160019427694,0,0,1,0,0,0,0,0,0,1,0,0,0,0,0,1,0,0,0,1,0,0,0,0,0,1,0,0,0,0,0,0,0,0,0,0,0,0,0,0,0,0,0,0,0,0
184,0.1407446147476138,0.07615234332287417,0.5288712600264573,-0.2417349209920899,-0.3785542583788779,0,0,1,1,0,0,1,0,0,1,0,0,0,0,0,0,0,0,0,1,0,0,0,0,0,0,1,0,0,0,0,0,0,0,0,0,0,0,0,0,0,0,0,0,0,0
185,0.7573400698324272,2.449525701346526,3.1627472693607332,0.8260771263409303,-0.12867449679425486,1,1,1,0,0,1,0,1,0,0,0,0,0,1,1,0,0,0,0,0,1,0,0,0,0,0,0,0,0,0,0,0,0,0,0,0,0,0,1,0,0,1,0,0,0,0
186,2.401594616725273,-0.1064148380635606,-0.22366474264047856,-0.63003021093137,-0.12867449679425486,1,1,1,1,0,0,0,1,0,0,0,0,0,0,0,0,0,0,0,0,1,0,0,0,0,0,0,1,0,0,0,0,0,0,0,0,0,0,0,1,0,0,1,0,1,0
187,0.5518082514708179,0.6238538874821785,0.3407372593597234,-1.3095469683251102,-0.878313781548124,1,1,1,0,0,1,0,1,0,0,0,0,0,0,0,0,1,0,0,0,1,0,0,1,0,0,1,0,1,0,0,1,1,0,1,0,0,0,1,0,0,0,0,1,0,0
188,0.7573400698324272,-0.28898201944999535,-0.22366474264047856,-1.2124731458402902,-1.8778328278866139,1,1,1,0,0,0,0,0,0,0,0,0,0,0,0,0,0,0,0,1,0,0,0,0,0,0,0,0,0,0,0,0,0,0,0,0,0,0,1,0,0,0,1,0,1,0
189,0.3462764331092085,-0.28898201944999535,-0.9762007453074145,-1.5036946132947502,-1.003253662340435,1,1,1,0,1,0,0,0,0,0,0,0,0,0,0,1,0,0,0,1,0,0,0,0,0,1,0,1,0,0,0,0,1,0,0,0,0,0,0,0,1,0,1,0,1,0
190,-2.1201053872300597,-1.201817926382169,-1.7287367479743505,-2.18321137068849,-0.12867449679425486,1,1,1,0,0,0,0,0,0,0,0,1,0,0,0,0,1,0,0,0,1,0,0,0,0,0,0,0,0,0,1,0,0,0,1,0,0,0,0,0,1,0,1,0,0,1
191,-0.06478720361399555,1.5366897944143523,1.6576752640268613,-0.82417785590101,-2.627472112640483,0,0,0,1,0,0,0,0,0,0,0,0,0,0,0,0,0,1,0,1,0,0,0,0,0,0,0,0,0,0,0,0,0,0,0,0,0,0,1,0,0,0,1,0,1,0
192,0.1407446147476138,-0.8366835636092996,-0.7880667446406805,0.2436341914320102,0.7459046687519253,1,1,1,0,0,0,0,0,0,0,0,0,0,0,0,0,1,0,0,0,1,0,0,1,0,0,0,1,0,0,0,1,0,0,0,0,0,0,1,0,0,0,1,0,1,0
193,-0.06478720361399555,-0.28898201944999535,2.033943265360329,1.2143724162802103,0.9957844303365472,1,1,1,0,1,0,0,1,0,0,0,1,0,0,1,0,0,1,0,0,1,0,0,0,1,0,0,0,0,0,0,0,0,0,0,1,0,0,0,0,1,0,0,1,0,0
194,-0.47585084033721425,0.988988250255048,-0.22366474264047856,-0.82417785590101,-1.50301318550968,0,0,1,0,0,0,0,0,0,1,0,0,0,0,0,1,0,0,0,0,0,0,0,0,0,0,0,0,0,0,0,1,0,0,0,0,0,0,0,0,0,0,0,0,0,0
195,-0.2703190219756049,-1.0192507449957344,-1.3524687466408825,-0.3388087434769099,-0.5034941391711889,0,0,1,0,1,0,0,0,0,0,0,0,0,0,0,0,0,0,0,1,0,0,1,0,0,0,0,0,0,0,0,0,0,0,0,0,0,0,0,0,0,0,0,0,0,0
196,0.7573400698324272,-0.28898201944999535,-0.5999327439739466,1.6997415287043105,0.8708445495442363,0,0,1,0,0,0,0,0,0,0,0,0,1,0,1,1,0,0,0,0,0,0,0,0,0,1,0,0,0,1,0,0,0,1,0,0,1,0,0,0,1,0,1,0,0,0
197,0.7573400698324272,1.3541226130279176,0.9051392613599253,2.3792582860980507,2.1202433574673503,0,1,1,0,1,0,0,1,0,0,0,0,0,0,1,1,0,0,0,0,0,1,1,0,0,0,0,1,0,0,0,1,1,0,0,1,0,1,0,0,0,1,0,0,0,0
198,0.3462764331092085,-0.28898201944999535,-0.5999327439739466,-1.11539932335547,-0.2536143775865658,0,0,1,0,0,0,0,0,0,0,0,0,0,0,1,0,0,0,0,0,1,0,0,0,0,0,0,0,0,0,1,0,0,0,0,0,0,0,0,0,0,0,0,0,0,0
199,0.7573400698324272,-0.28898201944999535,1.2814072626933932,0.3407080139168302,-1.128193543132746,0,0,1,0,1,0,0,0,0,1,0,0,0,0,0,1,0,0,0,1,0,0,1,0,0,0,0,0,0,0,1,0,1,0,0,0,0,0,0,0,0,0,0,0,0,0
200,-1.7090417505068556,-0.8366835636092996,-1.3524687466408825,-0.53295638844655,-0.2536143775865669,1,1,1,0,0,0,0,0,0,0,1,0,0,0,0,0,1,0,0,1,0,0,0,1,0,1,0,0,0,0,1,0,0,1,0,0,0,0,0,0,1,0,0,1,0,0
201,0.7573400698324272,0.8977046595618307,-0.22366474264047856,-0.047587276022449866,0.7459046687519253,1,1,1,0,0,0,0,0,0,0,1,0,0,0,0,0,0,1,0,0,0,1,0,1,0,1,0,0,0,0,1,0,1,0,0,1,0,0,0,0,1,0,0,1,0,0
202,-1.297978113783637,-0.8366835636092996,1.2814072626933932,-0.43588256596173,-1.627953066301992,1,1,1,0,0,0,0,0,0,0,0,0,0,0,0,0,0,0,0,0,0,0,0,0,0,0,0,0,0,0,0,0,1,0,1,0,1,0,0,1,0,0,0,1,0,0
203,-1.9145735688684504,-1.384385107768604,-1.6346697476409835,-1.01832550087065,-1.378073304717369,0,0,1,0,0,0,0,0,0,0,0,0,0,0,0,1,0,0,0,0,1,0,0,0,0,1,0,0,0,0,0,1,0,0,0,0,0,0,0,0,1,0,1,0,1,0
204,2.196062798363678,-0.28898201944999535,-0.31773174297384554,-0.92125167838583,-0.2536143775865669,1,1,1,0,1,0,0,0,0,0,1,0,0,0,0,0,0,1,0,0,0,1,1,0,0,1,0,0,0,0,0,0,0,0,0,0,0,0,0,0,1,0,1,0,1,0
205,0.7573400698324272,1.5366897944143523,-0.22366474264047856,-0.14466109850726988,-0.12867449679425486,0,0,1,0,1,0,0,1,0,0,0,0,1,0,1,0,0,1,0,0,1,0,0,0,1,1,0,0,0,0,0,1,1,0,0,0,1,0,1,0,0,0,1,0,0,1
206,0.7573400698324272,1.3541226130279176,0.3407372593597234,0.43778183640165025,-0.3785542583788779,1,1,1,1,0,0,0,1,0,0,0,1,0,0,1,0,0,1,0,0,0,1,0,1,0,1,0,0,0,0,1,0,1,0,0,0,0,0,1,0,0,0,1,0,1,0
207,-0.06478720361399555,-0.28898201944999535,-0.22366474264047856,-0.047587276022449866,2.3701231190519723,1,1,1,0,0,0,0,0,0,0,0,0,0,0,0,0,0,0,0,0,0,0,0,0,0,0,0,0,0,0,0,0,0,0,0,1,0,0,0,1,0,0,0,1,0,0
208,-0.6813826586988235,0.988988250255048,-0.22366474264047856,1.7968153511891305,2.6200028806365965,1,1,1,0,1,0,0,1,0,0,0,0,1,0,1,0,0,0,0,0,1,0,0,1,0,1,0,0,1,0,0,1,1,0,0,0,1,0,0,0,1,0,0,1,0,0
209,-1.297978113783637,-1.0192507449957344,-1.5406027473076165,-0.2417349209920899,-2.127712589471237,0,0,1,0,1,0,0,0,0,0,0,0,0,0,0,0,1,0,0,1,0,0,1,0,0,1,0,0,0,0,1,0,0,0,0,0,0,0,0,0,0,0,0,0,0,0
210,-0.47585084033721425,0.07615234332287417,-0.5999327439739466,-0.047587276022449866,-0.12867449679425486,1,1,1,0,0,0,0,0,0,1,0,0,0,0,0,1,0,0,0,0,0,1,1,0,0,0,0,0,0,0,0,0,1,0,1,1,0,0,1,0,0,1,0,0,0,0
211,-0.2703190219756049,0.8977046595618307,-0.22366474264047856,-0.047587276022449866,-1.627953066301992,1,1,1,0,0,1,0,1,0,0,0,1,0,0,0,1,0,0,0,0,0,1,0,0,1,0,0,0,0,0,0,1,1,0,0,1,0,0,0,0,1,0,1,0,1,0
212,1.57946734327885,2.449525701346526,0.3407372593597234,0.14656036894719018,-0.6284340199635009,1,0,0,0,0,0,0,1,0,1,0,0,0,0,1,0,1,0,0,0,1,0,0,1,0,0,1,0,0,0,0,0,0,0,0,0,0,0,0,1,0,0,1,0,0,1
213,-1.0924462954220278,-0.9736089496491258,-1.3524687466408825,-0.63003021093137,0.24614514558267916,1,1,1,0,1,0,0,0,0,0,1,0,0,0,0,0,0,0,0,0,0,0,1,0,0,1,0,0,0,0,0,0,1,1,0,0,0,0,0,1,0,0,1,0,1,0
214,0.9628718881940366,-0.47154920083643015,0.5288712600264573,-0.53295638844655,0.24614514558267916,0,0,1,1,0,0,0,0,0,0,0,0,0,0,0,0,0,0,0,1,0,0,0,0,0,1,0,0,0,1,0,0,0,1,0,0,0,0,0,0,0,0,0,0,0,0
215,-0.6813826586988235,-1.201817926382169,-1.3524687466408825,-0.72710403341619,0.24614514558267916,1,1,1,0,0,0,0,0,0,0,0,0,0,0,0,0,0,0,0,0,0,0,0,0,0,1,0,0,0,0,0,0,1,0,0,0,0,0,0,0,1,0,1,0,1,0
216,-0.06478720361399555,-0.28898201944999535,-0.22366474264047856,-0.14466109850726988,-0.12867449679425486,0,0,1,0,0,0,0,0,0,0,0,0,0,0,0,0,0,0,0,0,0,0,0,0,0,0,0,0,0,0,0,0,0,0,0,0,0,0,0,0,0,0,0,0,0,0
217,-0.2703190219756049,0.4412867060957437,-0.7880667446406805,2.4763321085828705,-0.12867449679425486,1,1,1,0,0,0,0,0,0,0,0,0,0,0,1,0,0,0,0,0,0,0,0,0,0,0,0,0,0,0,0,0,0,0,0,0,0,0,0,1,0,0,0,1,0,0
218,-0.06478720361399555,-1.201817926382169,0.9051392613599253,-0.14466109850726988,-0.12867449679425486,1,1,1,0,0,0,1,0,0,1,0,0,0,0,0,1,0,0,0,0,0,0,0,0,0,0,0,0,0,0,0,0,0,0,0,0,1,0,0,0,1,0,1,0,1,0
219,-0.06478720361399555,-0.654116382222865,0.1526032586929894,-0.82417785590101,1.6204838342981043,1,1,1,0,1,0,0,1,0,0,0,1,0,0,0,0,1,0,0,0,0,1,0,1,0,1,0,0,0,0,0,1,1,0,0,0,0,0,0,1,0,0,1,0,1,0
220,2.196062798363678,0.988988250255048,2.9746132686939992,-0.14466109850726988,-0.12867449679425486,1,0,1,0,0,1,0,0,1,0,0,0,0,0,1,0,0,0,1,0,0,1,0,0,0,0,0,0,0,0,0,0,0,1,0,0,1,0,0,0,1,0,0,1,0,0
221,0.7573400698324272,1.171555431641483,1.2814072626933932,0.049486546462370155,-0.12867449679425486,1,1,1,0,0,1,0,1,0,0,0,0,0,0,0,1,0,0,0,0,0,1,0,1,0,0,0,0,0,0,0,1,0,1,0,0,0,0,0,1,0,0,0,1,0,0
222,-0.06478720361399555,2.0843913385736568,-1.2584017463075154,1.4085200612498505,-0.6284340199635009,1,1,1,0,0,1,0,0,1,0,0,1,0,0,0,1,0,0,0,0,1,0,0,0,0,1,0,0,0,0,0,1,1,0,1,0,0,0,0,1,0,0,0,1,0,0
223,-0.8869144770604183,-0.015131247370343211,-1.3524687466408825,-1.35808387956752,-0.7533739007558119,1,1,1,0,0,0,0,0,0,0,1,0,0,0,0,0,1,0,0,0,1,0,1,0,0,1,0,0,0,0,0,1,1,1,0,0,0,0,0,1,0,0,0,1,0,0
224,1.3739355249172407,-0.7453999729160823,-1.1643347459741484,-0.72710403341619,-1.2531334239250569,1,1,1,0,0,0,0,0,0,0,0,0,0,0,0,0,1,0,0,1,0,0,0,0,0,0,0,0,0,0,1,0,1,0,0,0,0,0,0,0,1,0,1,0,1,0
225,0.5518082514708179,-0.5628327915296475,-0.22366474264047856,0.3407080139168302,0.49602490716730224,0,0,1,0,0,0,0,0,0,0,0,0,0,0,0,0,0,0,0,0,1,0,0,0,0,1,0,0,0,0,1,0,1,0,0,0,0,0,0,0,1,0,1,0,1,0
226,2.196062798363678,2.449525701346526,-0.5999327439739466,1.4085200612498505,2.4950629998442855,1,1,1,0,0,1,0,1,0,0,0,0,1,0,1,1,0,0,0,0,1,0,0,1,0,0,0,0,1,0,0,0,1,0,1,1,0,0,0,1,0,0,0,1,0,0
227,-0.06478720361399555,-0.28898201944999535,-0.22366474264047856,-0.047587276022449866,-0.3785542583788779,1,1,0,0,0,0,0,0,0,0,0,0,0,0,0,0,0,0,0,0,0,0,0,0,0,0,0,0,0,0,0,0,0,1,0,0,0,1,0,0,0,0,1,0,0,0
228,-1.7090417505068556,1.0802718409482654,1.2814072626933932,1.8938891736739505,-2.2526524702635493,1,1,1,0,1,0,0,0,0,0,0,0,0,1,1,0,0,0,1,0,0,1,0,1,0,1,0,1,0,0,0,0,1,0,1,0,1,0,0,0,1,0,0,1,0,0
229,0.7573400698324272,2.449525701346526,-0.22366474264047856,-1.01832550087065,-1.752892947094303,1,1,0,0,0,0,0,0,0,0,0,0,0,0,0,0,0,0,0,1,0,0,0,0,0,1,0,0,0,0,0,0,0,0,0,0,0,0,1,0,0,0,0,1,0,0
230,0.7573400698324272,1.7192569758007872,1.2814072626933932,-0.14466109850726988,-0.12867449679425486,1,1,1,0,1,0,0,1,0,0,0,0,0,0,0,0,0,1,0,0,1,0,0,0,1,0,0,0,0,0,0,0,0,0,0,0,0,0,0,1,0,0,1,0,0,1
231,2.8126582534484914,1.171555431641483,0.1526032586929894,2.5734059310676907,-0.5034941391711889,0,0,1,0,1,0,0,1,0,0,0,0,0,1,0,0,0,0,1,0,0,1,0,0,0,0,0,0,1,0,0,1,0,0,0,1,0,0,0,0,1,1,0,0,0,0
232,0.7573400698324272,-1.6582358798482562,-0.7880667446406805,-0.53295638844655,1.1207243111288594,1,1,1,0,0,0,0,0,0,0,0,0,0,0,0,0,0,0,0,0,0,0,0,0,0,0,0,0,0,0,0,0,0,0,0,0,0,0,0,1,0,0,1,0,1,0
233,0.3462764331092085,0.2587195247093089,0.3407372593597234,-0.2417349209920899,0.24614514558267916,1,1,1,0,0,1,0,1,0,0,1,0,0,0,1,0,1,0,0,0,1,0,0,1,0,1,0,0,0,0,1,0,1,1,0,0,0,0,0,0,1,0,1,0,1,0
234,-1.297978113783637,-0.8366835636092996,0.3407372593597234,0.2436341914320102,2.2451832382596613,0,0,1,0,0,1,0,0,0,0,1,0,0,0,0,0,0,0,0,0,0,0,0,0,0,0,0,0,0,0,0,0,0,0,0,0,0,0,1,0,0,0,1,0,0,0
235,-0.06478720361399555,-0.654116382222865,-0.22366474264047856,0.8260771263409303,0.8708445495442363,1,1,1,0,0,0,0,0,0,0,0,0,1,0,0,0,0,1,0,0,1,0,0,0,0,1,0,0,1,0,0,0,0,1,0,1,0,0,0,1,0,0,0,1,0,0
236,0.1407446147476138,-1.1105343356889519,-0.03553074197374458,-0.92125167838583,0.1212052647903682,0,0,1,0,0,0,0,0,0,0,0,0,0,0,0,0,1,0,0,1,0,0,1,0,0,0,0,0,0,0,0,0,0,0,0,0,0,0,0,0,1,0,1,0,1,0
237,-0.47585084033721425,-0.5628327915296475,1.4695412633601272,0.14656036894719018,-1.752892947094303,0,0,1,1,0,0,0,0,0,0,0,0,1,0,0,0,1,0,0,1,0,0,0,0,0,0,0,0,0,0,0,0,1,0,1,0,0,0,0,0,0,0,0,0,0,0
238,-0.06478720361399555,0.988988250255048,-0.22366474264047856,-0.047587276022449866,0.24614514558267916,0,1,1,0,1,0,0,1,0,0,1,0,0,0,0,0,1,0,0,0,1,0,1,0,0,1,0,0,1,0,0,0,1,0,1,0,1,0,0,1,0,0,0,1,0,0
239,-0.06478720361399555,0.16743593401609155,-0.41179874330721256,-0.92125167838583,-0.3785542583788779,1,1,1,0,0,0,0,0,0,0,0,0,0,0,0,0,0,0,1,0,1,0,0,0,0,0,0,0,0,0,0,0,1,0,0,0,1,0,0,0,1,0,0,1,0,0
240,-0.2703190219756049,1.0802718409482654,0.3407372593597234,0.9231509488257503,-0.878313781548124,1,1,1,0,0,1,0,1,0,0,0,1,0,0,1,0,0,0,1,0,0,1,0,0,1,0,0,0,0,0,0,1,1,0,0,1,0,0,0,0,1,0,0,1,0,0
241,0.1407446147476138,-0.654116382222865,-0.9762007453074145,-0.2417349209920899,1.6204838342981043,1,0,1,0,0,0,0,0,0,1,0,0,0,0,0,0,0,0,0,0,0,0,0,0,0,0,0,0,0,0,0,0,0,0,0,0,0,0,0,0,0,0,0,0,0,0
242,-0.06478720361399555,-1.384385107768604,0.5288712600264573,-0.43588256596173,-1.128193543132746,1,1,1,0,0,0,0,0,0,0,0,1,0,0,0,0,0,0,1,0,1,0,0,1,0,1,0,0,1,0,0,0,1,0,0,1,0,0,0,1,0,0,0,1,0,0
243,0.5518082514708179,1.171555431641483,-0.5999327439739466,-0.14466109850726988,-0.12867449679425486,1,1,1,0,0,0,0,0,0,0,0,0,0,0,1,0,0,0,0,0,1,0,0,1,0,0,0,0,0,0,0,0,0,0,0,0,0,0,0,1,0,0,0,1,0,0
244,0.1407446147476138,2.632092882732961,-0.22366474264047856,0.14656036894719018,1.4955439535057933,1,1,0,0,0,0,0,1,0,1,0,0,0,0,0,1,0,0,0,0,1,0,0,0,1,0,0,0,0,0,0,0,0,0,0,0,0,1,0,0,0,1,0,0,0,0
245,-0.06478720361399555,1.3541226130279176,-0.22366474264047856,1.4085200612498505,-0.12867449679425486,0,1,1,0,1,0,0,1,0,0,1,0,0,0,1,0,0,0,1,0,0,1,0,0,1,0,0,0,0,0,0,1,1,0,0,1,0,0,1,0,0,0,1,0,1,0
246,-1.0924462954220278,0.07615234332287417,0.5288712600264573,0.14656036894719018,0.49602490716730224,1,1,1,0,1,0,0,0,0,0,1,0,0,0,0,0,0,1,0,0,0,0,0,0,1,1,0,1,0,0,0,0,1,0,0,0,0,0,0,0,1,0,0,1,0,0
247,-0.06478720361399555,0.988988250255048,-0.22366474264047856,-0.43588256596173,-0.12867449679425486,1,1,1,0,1,0,0,1,0,0,0,1,0,0,0,0,0,0,1,0,0,1,0,1,0,1,0,0,0,0,1,0,1,0,0,1,0,0,0,1,0,0,0,1,0,0
248,-0.2703190219756049,1.9018241571872219,3.1627472693607332,-0.14466109850726988,-0.12867449679425486,1,1,1,1,0,0,0,1,0,0,0,1,0,0,0,0,0,1,0,0,1,0,0,1,0,1,0,0,0,0,1,0,1,0,1,0,0,0,0,1,0,0,0,1,0,0
249,0.1407446147476138,-0.8366835636092996,-0.22366474264047856,-1.11539932335547,-0.2536143775865669,0,0,1,1,0,0,0,0,0,0,0,0,0,0,1,0,1,0,0,0,1,0,0,0,0,1,0,0,0,0,0,0,1,0,0,0,0,0,0,0,1,0,1,0,1,0
250,2.401594616725273,1.5366897944143523,2.31614426636043,1.9909629961587705,-0.12867449679425486,1,1,1,0,0,1,0,0,1,0,0,0,0,1,0,1,0,0,0,0,0,1,0,0,0,0,0,0,1,0,0,0,1,0,1,0,1,0,0,1,0,0,1,0,1,0
251,-0.06478720361399555,-1.1105343356889519,-0.7880667446406805,0.6319294813712902,0.37108502637499013,0,1,1,0,1,0,0,1,0,1,0,0,0,0,0,0,0,0,0,0,0,1,0,0,0,0,0,0,0,0,0,0,1,0,0,1,0,0,1,0,0,0,1,0,1,0
252,1.3739355249172407,2.632092882732961,0.9051392613599253,0.43778183640165025,0.9957844303365472,1,1,0,0,1,0,0,0,0,1,0,0,0,0,0,1,0,0,0,0,1,0,0,0,1,0,0,0,0,0,0,1,1,0,1,1,0,0,0,1,0,0,0,1,0,0
253,-0.06478720361399555,2.0843913385736568,-0.22366474264047856,-0.53295638844655,-1.877832827886615,0,0,1,0,1,0,0,1,0,0,0,1,0,0,1,0,0,0,1,0,0,1,1,0,0,0,0,0,0,0,0,1,0,0,1,0,0,0,1,0,0,0,1,0,0,0
254,-0.06478720361399555,0.6238538874821785,-0.22366474264047856,-0.2417349209920899,0.24614514558267916,1,1,1,0,1,0,0,1,0,0,1,0,0,0,0,0,0,1,0,0,0,1,0,0,1,0,0,0,0,0,0,1,1,0,0,0,0,0,0,0,1,0,1,0,1,0
255,1.3739355249172407,-0.28898201944999535,-0.22366474264047856,-1.2124731458402902,-0.12867449679425486,1,1,0,0,0,0,0,0,0,0,0,0,0,0,0,0,0,1,0,1,0,0,0,1,0,0,0,0,0,1,0,0,0,0,0,1,0,0,1,0,0,0,1,0,1,0
256,-1.297978113783637,0.2587195247093089,-0.22366474264047856,-1.01832550087065,-0.3785542583788779,1,1,1,1,0,0,0,0,0,0,0,0,0,0,0,1,0,0,0,1,0,0,0,0,0,0,0,0,0,0,0,0,0,1,0,0,1,0,1,0,0,0,0,1,0,0
257,1.1684037065556458,1.3541226130279176,0.1526032586929894,1.7968153511891305,-0.12867449679425486,1,1,1,0,1,0,0,1,0,0,0,1,0,0,0,0,0,0,0,0,0,1,0,0,0,0,0,0,1,0,0,0,0,0,0,1,0,0,0,1,0,0,0,1,0,0
258,-1.297978113783637,-0.654116382222865,-1.3524687466408825,-0.92125167838583,-0.8783137815481229,0,0,1,0,0,0,0,0,0,0,0,0,0,0,0,1,0,0,0,0,1,0,1,0,0,1,0,0,0,0,1,0,1,0,0,0,0,0,0,0,0,0,0,0,0,0
259,-0.06478720361399555,0.2587195247093089,1.4695412633601272,0.8260771263409303,0.7459046687519253,1,1,1,0,1,0,0,1,0,0,0,0,0,0,0,1,0,0,0,0,1,0,0,0,0,1,0,0,0,0,0,0,0,0,1,1,0,0,1,0,0,1,0,0,0,0
260,-0.2703190219756049,-1.201817926382169,-0.12959774230711157,-0.82417785590101,0.1212052647903682,0,0,1,0,0,0,0,0,0,0,0,0,0,0,0,0,0,1,0,0,1,0,1,0,0,0,0,0,0,0,0,1,0,0,0,0,0,0,0,0,0,0,0,0,0,0
261,0.5518082514708179,-0.8366835636092996,-0.9762007453074145,-0.63003021093137,-0.3785542583788779,0,0,1,1,0,0,0,0,0,0,0,0,0,0,0,0,0,0,0,0,0,0,1,0,0,1,0,0,0,0,0,0,1,0,0,0,0,0,0,0,1,0,1,0,1,0
262,0.9628718881940366,0.988988250255048,0.1526032586929894,-1.01832550087065,-1.128193543132746,0,0,0,0,0,0,0,0,0,0,0,0,0,0,0,0,0,0,0,0,0,0,0,0,0,0,0,0,0,0,0,0,0,0,0,0,0,0,0,0,0,0,0,0,0,0
263,-2.1201053872300597,0.39564491074913505,0.9051392613599253,0.2436341914320102,0.7459046687519253,1,1,1,0,0,0,0,0,0,0,1,0,0,0,1,0,0,1,0,0,0,1,1,0,0,1,0,0,1,0,0,1,1,0,1,1,0,0,1,0,0,0,0,1,0,0
264,0.3462764331092085,-1.0192507449957344,-0.5058657436405796,-0.14466109850726988,-0.3785542583788779,1,1,1,0,1,0,0,0,0,1,0,0,0,0,0,0,1,0,0,0,1,0,0,1,0,1,0,0,0,0,0,0,1,1,0,0,0,0,0,1,0,0,0,1,0,0
265,-0.06478720361399555,-0.47154920083643015,-0.22366474264047856,-0.53295638844655,-1.003253662340435,0,1,1,0,1,0,0,0,0,0,0,0,0,0,0,0,1,0,0,0,1,0,0,0,0,1,0,0,0,0,0,0,0,0,0,0,1,0,1,0,0,0,0,1,0,0
266,0.9628718881940366,0.07615234332287417,-0.5999327439739466,-0.72710403341619,-0.3785542583788779,0,0,1,1,0,0,0,0,0,0,1,0,0,0,0,0,1,0,0,0,1,0,1,0,0,0,0,0,0,0,0,0,1,0,0,0,0,0,1,0,0,0,1,0,0,1
267,0.3462764331092085,-0.5628327915296475,-0.7880667446406805,-0.14466109850726988,0.49602490716730224,0,0,1,0,1,0,0,0,0,1,0,0,0,0,0,1,0,0,0,0,1,0,1,0,0,0,0,0,1,0,0,0,1,0,1,0,0,0,0,1,0,0,1,0,0,1
268,0.1407446147476138,-1.1105343356889519,-0.5999327439739466,0.14656036894719018,-1.003253662340435,1,0,1,0,0,0,0,0,0,0,0,0,0,0,0,0,0,0,0,0,1,0,0,0,0,0,0,0,0,0,1,0,0,0,0,0,0,0,0,0,0,0,0,0,0,0
269,2.401594616725273,-0.1064148380635606,-0.22366474264047856,-0.63003021093137,-0.12867449679425486,1,1,1,1,0,0,0,1,0,0,0,0,0,0,0,0,0,0,0,0,1,0,0,0,0,0,0,1,0,0,0,0,1,0,0,0,0,0,0,0,1,0,1,0,1,0
270,-1.297978113783637,-0.28898201944999535,2.222077266027063,-1.01832550087065,-0.3785542583788779,1,1,1,0,1,0,0,1,0,0,0,0,0,0,0,0,1,0,0,0,1,0,1,0,0,1,0,1,0,0,1,0,1,0,0,1,0,0,0,1,0,0,0,1,0,0
271,-0.8869144770604183,0.6238538874821785,-0.22366474264047856,0.43778183640165025,-1.627953066301992,1,1,1,0,1,0,0,1,0,0,0,0,0,1,0,0,0,0,1,0,0,1,0,0,0,1,0,0,1,0,1,0,0,0,1,0,0,0,1,0,0,0,0,1,0,0
272,-0.06478720361399555,1.5366897944143523,0.3407372593597234,0.6319294813712902,-0.2536143775865669,1,1,1,0,1,0,0,1,0,0,0,1,0,0,1,0,0,0,1,0,0,1,0,0,1,0,1,0,1,0,0,1,1,0,0,0,0,0,0,1,0,0,1,0,0,1
273,-0.8869144770604183,2.449525701346526,0.1526032586929894,1.8938891736739505,0.24614514558267916,1,1,1,0,1,0,0,1,0,0,1,0,0,0,0,0,0,0,1,0,1,0,0,1,0,0,0,0,0,0,0,0,0,0,1,1,0,0,1,0,0,0,0,1,0,0
274,-0.06478720361399555,0.4412867060957437,-0.22366474264047856,-0.14466109850726988,-0.12867449679425486,1,1,1,0,0,0,0,1,0,0,0,0,0,0,0,0,0,0,0,0,0,1,0,0,1,0,0,0,0,0,0,0,1,0,0,0,1,0,1,0,0,0,1,0,0,1
275,1.3739355249172407,-0.28898201944999535,2.222077266027063,0.43778183640165025,-0.7533739007558119,1,1,0,0,0,0,0,1,0,0,0,0,0,1,1,0,0,0,1,0,1,0,1,0,0,0,0,0,0,0,0,0,0,0,0,1,0,0,1,0,0,0,0,1,0,0
276,-0.2703190219756049,-1.384385107768604,-0.9762007453074145,-0.82417785590101,0.8708445495442363,1,0,1,0,1,0,0,0,0,0,0,0,0,0,0,0,0,1,0,0,0,0,1,0,0,0,1,0,1,0,1,0,0,1,0,0,1,0,0,0,1,0,1,0,1,0
277,-2.5311690239532783,-0.7453999729160823,1.2814072626933932,-0.7756409446586,-0.3785542583788779,0,0,1,1,0,0,0,1,0,0,1,0,0,0,0,0,0,0,0,0,1,0,1,0,0,0,1,0,0,0,0,0,0,0,0,0,0,0,0,0,1,0,1,0,1,0
278,-0.6813826586988235,-1.201817926382169,-0.9762007453074145,-0.82417785590101,-0.0037346160019438787,0,0,1,0,0,0,0,0,0,0,0,0,0,0,0,0,0,0,0,1,0,0,0,0,0,0,0,0,0,0,0,0,0,0,0,0,0,0,0,0,0,0,0,0,0,0
279,0.1407446147476138,-0.47154920083643015,1.2814072626933932,0.14656036894719018,0.49602490716730224,0,0,1,0,0,1,0,1,0,0,0,0,0,0,0,1,0,0,0,0,0,1,0,1,0,1,0,1,0,0,0,0,0,0,0,0,0,1,0,0,0,1,0,0,0,0
280,0.9628718881940366,-0.8366835636092996,-1.3524687466408825,-0.92125167838583,-0.12867449679425486,1,0,1,0,0,0,0,0,0,0,0,0,0,0,0,0,0,0,0,1,0,0,0,0,0,0,0,0,0,0,0,0,0,0,0,0,0,0,0,0,0,0,0,0,0,0
281,-0.06478720361399555,0.5325702967889611,-0.22366474264047856,1.9909629961587705,-0.3785542583788779,0,1,1,0,1,0,0,1,0,0,0,0,1,0,0,1,0,0,0,0,1,0,0,0,0,0,0,0,0,0,0,1,0,0,0,1,0,1,0,0,0,1,0,0,0,0
282,-0.06478720361399555,0.16743593401609155,-0.9762007453074145,1.4085200612498505,0.8708445495442363,1,1,1,0,1,0,0,0,1,0,0,0,1,0,1,1,0,0,0,0,1,0,1,0,0,1,0,0,0,0,0,1,1,0,0,1,0,1,0,0,0,1,0,0,0,0
283,0.1407446147476138,0.2587195247093089,-0.7880667446406805,-1.01832550087065,-0.5034941391711889,1,1,1,0,0,0,0,0,0,0,0,0,0,0,0,0,0,0,0,0,0,0,0,0,0,0,0,0,0,0,0,0,0,0,0,0,0,0,0,0,1,0,1,0,0,1
284,0.7573400698324272,-0.5628327915296475,-0.22366474264047856,-0.53295638844655,-0.0037346160019438787,0,0,1,0,0,0,0,0,0,0,0,0,0,0,0,0,1,0,0,1,0,0,0,0,0,1,0,0,0,0,0,0,0,1,0,0,0,0,0,0,0,0,0,0,0,0
285,0.7573400698324272,-0.015131247370343211,-0.22366474264047856,-0.53295638844655,-0.12867449679425486,1,1,1,0,0,0,0,0,0,0,0,0,0,0,0,0,1,0,0,0,1,0,0,0,0,1,0,0,0,0,0,1,1,0,0,0,0,0,0,0,1,0,1,0,1,0
286,-0.6813826586988235,0.7151374781753959,-1.3524687466408825,0.43778183640165025,0.24614514558267916,0,1,1,0,1,0,0,0,0,0,0,0,0,0,1,0,0,1,0,0,0,0,0,1,0,0,0,0,1,0,0,0,0,0,0,0,1,0,0,1,0,0,0,1,0,0
287,2.8126582534484914,0.8064210688686132,0.3407372593597234,-1.6978422582643902,-2.2526524702635493,0,0,0,0,0,0,0,0,0,0,0,0,0,0,0,0,0,0,0,0,0,0,0,0,0,0,0,0,0,0,0,0,0,0,0,0,0,0,0,0,0,0,0,0,0,0
288,-0.06478720361399555,-0.28898201944999535,-0.22366474264047856,-0.14466109850726988,-0.12867449679425486,1,1,1,0,0,0,0,0,0,0,0,0,0,0,0,0,0,0,0,0,0,0,0,0,0,0,0,0,0,0,0,0,0,0,0,0,0,0,0,1,0,0,1,0,0,1
289,-0.2703190219756049,-0.7453999729160823,0.9051392613599253,-0.63003021093137,-0.2536143775865669,1,1,1,0,0,0,0,0,0,0,0,0,0,0,0,0,1,0,0,0,0,0,1,0,0,0,0,0,0,0,1,0,0,0,0,0,0,1,0,0,0,1,0,0,0,0
290,0.9628718881940366,-0.9736089496491258,-0.9762007453074145,-0.2417349209920899,-1.2531334239250569,0,0,1,1,0,0,0,0,0,1,0,0,0,0,0,0,0,0,0,1,0,0,0,0,0,0,0,0,0,0,0,0,0,0,0,0,0,0,0,0,0,0,0,0,0,0
291,1.57946734327885,0.6238538874821785,1.6576752640268613,0.8260771263409303,-0.3785542583788779,1,1,1,0,1,0,0,1,0,0,1,0,0,0,0,1,0,0,0,0,1,0,0,1,0,1,0,1,0,0,1,0,0,0,1,1,0,0,1,0,0,0,1,0,1,0
292,-2.325637205591669,-0.015131247370343211,-0.5999327439739466,-1.01832550087065,0.1212052647903682,1,1,1,0,0,0,0,1,0,1,0,0,0,0,0,0,0,1,0,0,1,0,0,1,0,0,0,0,0,0,0,0,1,1,0,1,0,0,0,0,1,0,1,0,1,0
293,-0.06478720361399555,0.5325702967889611,-0.22366474264047856,-0.2417349209920899,-0.7533739007558119,1,0,1,0,1,0,0,1,0,0,1,0,0,0,0,0,0,0,0,0,1,0,0,0,0,1,0,0,0,0,0,0,1,0,0,0,1,0,0,1,0,0,0,1,0,0
294,0.7573400698324272,-1.201817926382169,-0.9762007453074145,-0.82417785590101,-0.12867449679425486,0,0,1,0,0,0,0,0,0,0,0,0,0,0,0,1,0,0,0,1,0,0,0,0,0,0,0,0,0,0,1,0,1,0,0,0,0,0,0,0,0,0,0,0,0,0
295,-0.06478720361399555,2.449525701346526,-0.22366474264047856,0.9231509488257503,-0.3785542583788779,1,0,1,0,0,1,0,0,0,0,0,1,0,0,1,1,0,0,0,0,0,1,0,0,0,0,0,0,0,0,0,0,1,0,0,0,1,0,0,0,1,0,0,1,0,0
296,-1.9145735688684504,0.2587195247093089,-0.22366474264047856,-0.14466109850726988,-0.12867449679425486,0,1,1,0,1,0,1,0,0,0,0,1,0,0,1,0,0,1,0,0,1,0,0,1,0,0,1,0,0,0,0,1,1,0,1,0,1,0,0,1,0,0,0,1,0,0
297,-1.297978113783637,0.2587195247093089,0.3407372593597234,1.4085200612498505,-0.0037346160019438787,1,1,1,0,0,1,0,1,0,0,0,1,0,0,0,0,0,1,0,0,0,1,0,1,0,1,0,0,0,0,1,0,1,0,0,1,0,0,0,0,1,0,0,1,0,0
298,-0.06478720361399555,1.5366897944143523,-0.22366474264047856,0.43778183640165025,-1.003253662340435,1,1,1,0,1,0,0,1,0,0,1,0,0,0,0,0,1,0,0,0,1,0,0,1,0,0,1,0,0,0,0,1,1,0,1,0,0,0,0,1,0,0,0,1,0,0
299,-1.9145735688684504,-1.201817926382169,-0.5999327439739466,-0.92125167838583,-0.7533739007558119,1,0,1,0,0,0,0,0,0,0,0,0,0,0,0,0,0,0,0,0,0,0,0,0,0,0,0,0,0,0,0,1,0,0,0,0,1,0,1,0,0,0,1,0,1,0
300,0.7573400698324272,-0.5628327915296475,-0.5999327439739466,-0.3388087434769099,-0.6284340199635009,0,0,1,0,0,0,0,0,0,1,0,0,0,0,1,0,1,0,0,0,0,1,0,0,0,1,0,1,0,0,0,0,1,0,0,0,0,0,0,0,1,0,1,0,1,0
301,-1.0924462954220278,-0.8366835636092996,0.9051392613599253,-0.14466109850726988,-0.6284340199635009,0,0,1,0,0,0,0,0,0,0,0,0,0,0,0,0,0,0,0,0,1,0,0,0,0,0,0,0,0,0,0,0,0,0,0,0,0,0,0,0,1,0,1,0,1,0
302,-0.8869144770604183,-1.0192507449957344,0.1526032586929894,-0.047587276022449866,0.24614514558267916,1,1,1,0,0,0,0,0,1,0,1,0,0,0,1,0,0,0,1,0,0,1,0,0,1,0,0,0,0,0,1,0,1,0,1,0,0,0,0,0,1,0,0,1,0,0
303,-2.325637205591669,-0.47154920083643015,-0.22366474264047856,-1.01832550087065,-0.8783137815481229,1,0,1,0,1,0,0,0,0,0,0,1,0,0,1,0,0,1,0,0,0,1,0,1,0,0,0,0,0,0,0,0,0,0,1,0,1,0,0,1,0,0,0,1,0,0
304,-0.2703190219756049,-1.1105343356889519,-1.3524687466408825,-0.82417785590101,-1.253133423925058,0,0,1,0,1,0,0,0,0,0,1,0,0,0,0,0,0,0,0,0,0,0,0,0,0,0,0,0,0,0,0,0,1,0,0,0,0,0,0,0,1,0,1,0,1,0
305,-0.06478720361399555,-0.28898201944999535,1.2814072626933932,-0.3388087434769099,0.49602490716730224,1,1,1,0,1,0,0,0,0,0,0,0,0,0,0,0,0,0,0,0,0,1,0,0,0,0,1,1,0,0,0,0,1,0,0,0,0,0,0,0,1,0,1,0,1,0
306,0.5518082514708179,0.6238538874821785,3.1627472693607332,0.8260771263409303,0.1212052647903682,0,0,1,0,1,0,1,0,0,1,0,0,0,0,0,0,1,0,0,0,0,0,0,0,0,1,0,1,0,0,0,0,0,0,0,0,0,0,0,0,0,0,0,0,0,0
307,-0.6813826586988235,-0.8366835636092996,-1.3524687466408825,0.2436341914320102,0.6209647879596132,0,0,1,1,0,0,0,0,0,1,0,0,0,0,0,0,1,0,0,0,0,0,0,0,0,1,0,0,0,1,0,0,0,0,0,0,0,0,0,0,0,0,0,0,0,0
308,-0.2703190219756049,-0.06077304271695191,1.2814072626933932,-0.14466109850726988,-0.12867449679425486,0,1,1,0,0,0,0,0,0,0,0,1,0,0,1,1,0,0,0,0,0,0,0,0,0,0,0,0,0,0,0,0,1,0,0,0,0,0,0,0,1,0,1,0,1,0
309,-0.47585084033721425,-0.9736089496491258,0.9051392613599253,-1.2124731458402902,-1.378073304717369,0,1,1,0,1,0,0,1,0,0,1,0,0,0,1,1,0,0,0,0,1,0,0,0,0,1,0,0,0,0,1,0,0,0,1,0,0,0,0,1,0,0,0,1,0,0
310,1.7849991616404592,0.8064210688686132,-1.3524687466408825,1.6026677062194905,-1.128193543132746,0,1,1,0,1,0,0,0,0,0,0,0,1,0,0,1,0,0,0,0,0,1,1,0,0,0,0,1,0,0,0,0,1,1,0,1,0,0,0,1,0,0,0,1,0,0
311,0.1407446147476138,-0.28898201944999535,-0.22366474264047856,0.7290033038561103,0.8708445495442363,0,0,1,0,1,0,0,0,0,0,1,0,0,0,1,0,1,0,0,0,1,0,1,0,0,0,1,0,1,0,0,1,1,1,0,0,0,1,0,0,0,0,1,0,0,1
312,-0.06478720361399555,-0.28898201944999535,-0.22366474264047856,-1.5036946132947502,0.1212052647903682,1,0,1,0,0,0,0,0,0,0,0,1,0,0,1,0,0,0,1,0,0,1,0,0,1,0,0,0,0,0,0,0,1,0,0,1,0,0,1,0,0,0,1,0,1,0
313,-0.47585084033721425,2.449525701346526,3.1627472693607332,0.6319294813712902,-0.2536143775865669,1,1,1,0,1,0,0,1,0,0,1,0,0,0,0,0,0,0,1,0,0,1,0,0,1,1,0,1,0,0,0,1,1,0,1,1,0,0,0,0,1,0,0,1,0,0
314,-0.2703190219756049,0.2587195247093089,0.9051392613599253,-0.72710403341619,-0.0037346160019438787,0,0,1,0,0,0,0,0,0,0,1,0,0,0,0,0,1,0,0,0,0,0,1,0,0,1,0,0,0,0,1,0,1,1,0,0,0,0,0,0,1,0,1,0,0,1
315,-0.2703190219756049,1.171555431641483,0.1526032586929894,-0.82417785590101,-0.878313781548124,0,0,0,0,0,0,0,0,0,1,0,0,0,0,0,0,0,0,0,0,1,0,1,0,0,0,1,0,0,0,0,0,0,0,0,0,0,0,0,0,0,0,0,0,0,0
316,0.3462764331092085,-0.015131247370343211,0.3407372593597234,-0.82417785590101,-1.003253662340435,1,1,1,1,0,0,0,1,0,0,0,0,0,0,0,1,0,0,0,0,0,1,0,1,0,0,1,1,0,0,0,1,1,0,0,0,0,0,1,0,0,0,1,0,1,0
317,-1.297978113783637,-0.8366835636092996,-0.22366474264047856,-0.2417349209920899,-1.003253662340435,0,0,1,0,1,0,0,0,0,0,0,0,0,0,0,1,0,0,0,1,0,0,0,0,0,0,0,0,0,0,1,0,1,0,0,0,0,0,1,0,0,0,1,0,1,0
318,-1.297978113783637,0.988988250255048,-0.5999327439739466,-1.01832550087065,-0.5034941391711889,1,1,1,1,0,0,0,1,0,0,1,0,0,0,0,0,0,1,0,0,1,0,0,1,0,0,0,0,0,0,0,0,0,0,0,1,0,0,0,1,0,0,0,1,0,0
319,-0.06478720361399555,-0.28898201944999535,3.1627472693607332,-0.14466109850726988,-0.12867449679425486,0,1,0,0,0,1,0,0,1,0,0,1,0,0,1,0,0,0,1,0,0,1,0,0,1,0,0,0,0,0,0,0,0,0,0,1,0,1,0,0,0,1,0,0,0,0
320,-0.06478720361399555,1.5366897944143523,0.3407372593597234,1.8938891736739505,0.8708445495442363,1,1,1,0,0,0,0,0,0,0,0,0,0,1,1,0,0,1,0,0,0,1,0,1,0,0,0,0,0,0,0,1,1,0,0,0,1,0,0,0,1,0,0,1,0,0
321,0.3462764331092085,0.6238538874821785,-0.22366474264047856,-0.047587276022449866,0.8708445495442363,1,1,1,0,1,0,0,1,0,0,0,1,0,0,1,0,0,0,1,0,0,1,0,1,0,1,0,0,0,0,0,1,1,1,0,0,0,0,0,0,1,0,0,1,0,0
322,-1.297978113783637,-1.201817926382169,0.5288712600264573,-1.3095469683251102,-0.5034941391711889,0,1,1,0,1,0,0,0,0,0,1,0,0,0,0,0,1,0,0,0,0,0,0,1,0,1,0,0,0,0,0,0,1,0,0,0,0,0,0,0,1,0,1,0,0,1
323,0.5518082514708179,0.8064210688686132,0.3407372593597234,0.14656036894719018,0.8708445495442363,1,1,1,0,1,0,0,0,0,0,0,0,1,0,1,0,0,1,0,0,1,0,0,1,0,1,0,0,1,0,0,1,1,0,1,1,0,0,1,0,0,0,1,0,1,0
324,-0.06478720361399555,0.8064210688686132,1.6576752640268613,1.4085200612498505,-0.0037346160019438787,1,1,1,0,0,1,0,0,0,0,0,1,0,0,1,0,0,0,1,0,1,0,0,0,0,0,0,0,1,0,0,0,1,0,0,1,0,0,0,1,0,0,0,1,0,0
325,1.1684037065556458,-0.654116382222865,-0.22366474264047856,-4.027613997900071,0.7459046687519253,0,0,1,0,0,0,0,0,0,0,0,0,0,0,0,0,0,0,0,0,1,0,0,0,0,0,0,0,0,0,0,0,0,0,0,0,0,0,0,0,0,0,0,0,0,0
326,-0.06478720361399555,-1.0192507449957344,1.2814072626933932,-1.01832550087065,-0.0037346160019438787,0,0,1,1,0,0,0,0,0,0,1,0,0,0,0,0,1,0,0,0,1,0,0,0,0,0,0,0,0,0,0,0,0,0,0,0,0,0,0,0,0,0,0,0,0,0
327,0.5518082514708179,-0.654116382222865,-0.5999327439739466,-0.43588256596173,-0.6284340199634998,0,0,1,1,0,0,0,0,0,0,1,0,0,0,0,0,0,0,0,0,1,0,1,0,0,1,0,0,0,0,1,0,1,0,0,0,0,0,0,0,0,0,0,0,0,0
328,0.1407446147476138,-0.28898201944999535,-0.22366474264047856,-0.2417349209920899,-0.7533739007558119,1,1,1,0,0,0,0,0,0,0,1,0,0,0,0,1,0,0,0,1,0,0,0,0,0,0,0,0,0,0,0,1,1,1,0,0,0,0,0,1,0,0,0,1,0,0
329,-0.8869144770604183,-1.201817926382169,-0.7880667446406805,-0.92125167838583,-0.12867449679425486,0,0,1,0,0,0,0,0,0,0,0,0,0,0,0,0,1,0,0,0,0,0,0,0,0,0,0,0,0,0,1,0,0,0,0,0,0,0,1,0,0,0,1,0,0,0
330,1.9905309800020687,-0.28898201944999535,-1.5406027473076165,-0.14466109850726988,-0.12867449679425486,1,1,1,0,0,0,0,0,0,0,0,0,0,0,0,1,0,0,0,0,1,0,0,0,0,0,0,0,0,0,0,1,1,0,0,0,0,0,0,1,0,0,1,0,1,0
331,-0.6813826586988235,-0.8366835636092996,-0.9762007453074145,-0.2417349209920899,0.8708445495442363,0,0,1,0,0,0,0,0,0,0,0,0,0,0,0,0,0,0,0,1,0,0,0,0,0,1,0,0,0,0,0,1,0,0,0,0,0,0,0,0,0,0,0,0,0,0
332,1.7849991616404592,2.449525701346526,-0.22366474264047856,1.8938891736739505,1.7454237150904153,1,0,1,0,0,1,0,1,0,0,0,0,1,0,1,1,0,0,0,0,0,1,0,1,0,1,0,0,1,0,0,0,0,0,1,0,0,0,1,0,0,0,1,0,1,0
333,0.1407446147476138,0.4412867060957437,-0.22366474264047856,-1.01832550087065,-0.3785542583788779,1,1,1,1,0,0,0,1,0,1,0,0,0,0,0,0,0,0,1,0,1,0,0,1,0,0,0,1,0,0,0,0,1,1,0,0,0,0,0,0,1,0,0,1,0,0
334,0.3462764331092085,0.988988250255048,-0.22366474264047856,-0.14466109850726988,-0.12867449679425486,0,0,1,0,0,0,0,0,0,0,0,0,0,1,0,0,0,0,0,0,0,0,0,0,0,0,0,0,0,0,0,0,0,0,0,1,0,0,0,1,0,1,0,0,0,0
335,-0.2703190219756049,0.6238538874821785,0.3407372593597234,0.2436341914320102,1.8703635958827285,1,1,1,0,1,0,0,1,0,0,1,0,0,0,0,0,0,0,0,0,0,0,0,0,0,0,0,0,0,0,0,0,0,0,0,0,0,0,0,1,0,0,1,0,1,0
336,-0.06478720361399555,-0.28898201944999535,-0.22366474264047856,-0.14466109850726988,-0.12867449679425486,1,1,1,0,1,0,0,0,0,0,0,0,0,0,0,1,0,0,0,0,1,0,0,1,0,0,0,0,1,0,0,1,1,1,0,1,0,0,0,1,0,0,1,0,1,0
337,-1.0924462954220278,-1.201817926382169,-0.22366474264047856,-0.14466109850726988,-0.12867449679425486,1,1,1,0,0,0,0,0,0,0,0,0,0,0,0,0,0,0,0,1,0,0,0,0,0,0,0,0,0,0,0,0,0,1,0,0,0,0,0,0,1,0,1,0,1,0
338,-1.297978113783637,-1.0192507449957344,-0.22366474264047856,-0.047587276022449866,-1.253133423925058,0,0,1,0,0,0,0,0,0,0,0,0,0,0,0,0,1,0,0,0,1,0,1,0,0,0,0,0,0,0,0,0,0,1,0,0,0,0,0,0,1,0,1,0,1,0
339,0.1407446147476138,-1.1105343356889519,-0.9762007453074145,-1.01832550087065,-1.003253662340435,0,0,1,0,0,0,0,0,0,0,1,0,0,0,0,0,0,0,0,0,1,0,0,0,0,0,0,0,0,0,0,0,0,0,0,0,0,0,0,0,0,0,0,0,0,0
340,-0.2703190219756049,-0.47154920083643015,1.6576752640268613,0.14656036894719018,0.24614514558267916,0,0,1,0,1,0,0,1,0,0,1,0,0,0,0,0,0,0,0,1,0,0,0,0,0,1,0,0,0,0,0,1,0,1,0,0,0,0,0,0,0,0,0,0,0,0
341,0.3462764331092085,-0.9736089496491258,-0.5999327439739466,-0.14466109850726988,-0.12867449679425486,0,0,1,0,1,0,0,1,0,1,0,0,0,0,1,1,0,0,0,0,0,1,0,0,0,1,0,0,0,0,0,1,0,0,0,0,0,0,0,0,0,0,0,0,0,0
342,-0.06478720361399555,-0.8366835636092996,-0.22366474264047856,-0.3388087434769099,1.4955439535057933,1,1,1,0,0,0,0,0,0,0,1,0,0,0,0,0,0,0,0,0,0,1,0,0,0,1,0,0,0,0,0,0,1,0,0,0,0,0,0,1,0,0,0,1,0,0
343,-0.8869144770604183,-0.5171909961830389,0.1526032586929894,-0.14466109850726988,-0.12867449679425486,1,1,1,1,0,0,0,0,0,1,0,0,0,0,0,1,0,0,0,0,1,0,0,1,0,0,0,0,1,0,0,1,1,0,0,0,0,0,0,0,1,0,0,1,0,0
344,-0.06478720361399555,1.5366897944143523,-0.5999327439739466,2.7675535760373307,-1.378073304717369,0,1,1,0,0,1,0,1,0,0,0,0,0,1,1,1,0,0,0,0,0,1,0,1,0,0,0,0,0,0,0,1,1,1,0,0,1,0,0,0,1,0,0,1,0,0
345,-2.1201053872300597,-0.28898201944999535,-0.5999327439739466,1.7968153511891305,2.1202433574673503,1,1,1,1,0,0,0,0,0,0,0,1,0,0,0,0,1,0,0,0,0,0,0,1,0,0,0,1,0,0,1,0,1,1,0,0,0,0,1,0,0,0,1,0,1,0
346,-2.1201053872300597,2.175674929266874,1.2814072626933932,-1.3095469683251102,-0.12867449679425486,0,0,1,0,1,0,0,0,0,0,1,0,0,0,1,1,0,0,0,0,0,0,0,0,0,0,0,0,0,0,0,0,0,0,1,0,0,0,1,0,0,0,1,0,0,0
347,-0.06478720361399555,0.2587195247093089,0.3407372593597234,-0.82417785590101,-1.50301318550968,1,1,1,0,1,0,0,1,0,0,1,0,0,0,0,0,0,1,0,0,0,1,0,1,0,1,0,0,0,0,1,0,1,0,1,0,0,0,1,0,0,0,0,1,0,0
348,-2.325637205591669,-1.0192507449957344,-1.3524687466408825,-0.53295638844655,-0.12867449679425486,1,1,1,0,1,0,0,0,0,0,0,0,0,0,1,0,0,0,0,1,0,0,0,0,0,0,0,0,0,0,0,1,1,0,1,0,0,0,0,1,0,0,0,1,0,0
349,0.9628718881940366,-0.8366835636092996,-0.5999327439739466,-0.82417785590101,0.8708445495442363,1,1,1,0,1,0,0,0,0,0,0,0,0,0,0,0,0,1,0,0,1,0,0,0,0,0,0,0,0,0,1,0,0,0,0,0,0,0,0,0,1,0,1,0,1,0
350,-0.06478720361399555,0.7151374781753959,-0.22366474264047856,0.7290033038561103,-0.3785542583788779,1,1,1,0,1,0,0,0,0,0,0,1,0,0,0,1,0,0,0,0,1,0,0,1,0,0,0,0,1,0,0,1,1,0,1,0,1,0,0,1,0,0,0,1,0,0
351,0.1407446147476138,0.5325702967889611,3.1627472693607332,1.3114462387650305,-1.253133423925058,1,1,0,0,0,1,0,0,1,0,0,0,0,1,0,0,1,0,0,0,1,0,0,1,0,0,0,0,0,0,0,0,0,0,1,1,0,1,0,0,0,1,0,0,0,0
352,-0.6813826586988235,-0.28898201944999535,-0.9762007453074145,-0.43588256596173,0.6209647879596143,0,0,1,0,0,0,0,0,0,0,1,0,0,0,0,1,0,0,0,0,1,0,1,0,0,0,0,1,0,0,1,0,0,0,0,0,1,0,1,0,0,0,1,0,0,1
353,1.1684037065556458,-1.4756686984618215,0.3407372593597234,-1.2124731458402902,0.1212052647903682,1,1,1,1,0,0,0,0,0,0,1,0,0,0,0,1,0,0,0,0,1,0,0,0,0,0,0,0,0,0,0,0,0,0,0,0,1,0,1,0,0,0,1,0,1,0
354,-0.06478720361399555,-1.384385107768604,-1.3524687466408825,-0.14466109850726988,-0.12867449679425486,1,1,1,0,0,0,0,0,0,0,0,0,0,0,0,0,0,0,0,0,0,0,0,0,0,0,0,0,0,0,0,0,1,0,0,0,0,0,0,0,1,0,1,0,1,0
355,0.3462764331092085,-1.0192507449957344,3.1627472693607332,-3.7946368239365027,-0.12867449679425486,0,1,1,0,0,0,0,0,0,0,0,0,0,0,0,0,0,0,0,0,0,0,0,0,0,0,0,0,0,0,0,0,0,0,0,0,0,0,0,0,0,0,0,0,0,0
356,-1.5035099321452463,-0.5628327915296475,-0.7880667446406805,-1.5036946132947502,0.37108502637499013,0,1,1,0,1,0,0,0,0,0,0,0,0,0,0,0,1,0,0,0,0,1,0,1,0,1,0,1,0,0,0,1,1,1,0,0,0,0,1,0,0,0,1,0,1,0
357,-0.06478720361399555,-0.28898201944999535,-0.22366474264047856,0.8260771263409303,0.9957844303365483,1,1,1,0,0,1,0,1,0,0,0,0,0,0,1,1,0,0,0,0,0,1,0,0,0,0,0,0,0,0,0,0,0,0,1,0,0,1,0,0,0,1,0,0,0,0
358,-0.06478720361399555,-0.8366835636092996,-0.9762007453074145,-1.7949160807492102,-1.50301318550968,1,1,1,0,1,0,0,0,0,0,1,0,0,0,0,0,0,1,0,1,0,0,0,0,0,0,0,0,0,0,0,0,0,0,0,0,1,0,1,0,0,0,0,1,0,0
359,0.7573400698324272,1.0802718409482654,-0.22366474264047856,0.14656036894719018,1.3706040727134823,1,1,1,0,0,0,0,0,0,0,1,0,0,0,0,0,1,0,0,0,1,0,0,1,0,1,0,0,1,0,0,1,1,0,0,0,0,0,1,0,0,0,1,0,1,0
360,-0.06478720361399555,0.39564491074913505,-1.3524687466408825,1.2143724162802103,2.1202433574673503,1,1,1,0,0,0,0,0,0,0,0,1,0,0,0,0,0,0,1,0,1,0,0,1,0,0,0,0,1,0,0,0,0,0,0,0,0,0,0,1,0,0,0,1,0,0
361,0.1407446147476138,-1.1105343356889519,-0.22366474264047856,-1.01832550087065,-1.128193543132746,0,0,1,0,1,0,0,0,0,0,0,0,0,0,0,0,0,0,0,1,0,0,1,0,0,1,0,0,0,0,1,0,1,1,0,0,0,0,0,0,1,0,1,0,1,0
362,0.1407446147476138,0.5325702967889611,3.1627472693607332,1.3114462387650305,-1.253133423925058,1,1,0,0,0,1,0,0,1,0,0,0,0,1,0,0,1,0,0,0,1,0,0,1,0,0,0,0,0,0,0,0,0,0,1,1,0,0,0,1,0,0,0,1,0,0
363,0.9628718881940366,-0.28898201944999535,0.3407372593597234,-0.53295638844655,-1.003253662340435,0,1,1,0,0,0,0,0,0,0,1,0,0,0,0,0,0,1,0,0,0,0,1,0,0,0,0,0,0,0,0,0,0,0,0,0,0,0,0,0,1,0,0,1,0,0
364,-0.6813826586988235,-1.1105343356889519,1.2814072626933932,-0.92125167838583,-0.7533739007558119,0,0,1,0,0,0,0,0,0,0,0,0,0,0,0,0,0,0,0,0,1,0,0,0,0,0,0,0,0,0,1,0,0,0,0,0,0,0,1,0,0,0,1,0,0,1
365,-0.2703190219756049,-0.28898201944999535,-1.3524687466408825,-0.14466109850726988,-0.3785542583788779,1,1,1,0,0,0,0,0,0,1,0,0,0,0,0,1,0,0,0,1,0,0,0,0,0,0,0,0,0,0,0,0,1,0,1,0,1,0,0,1,0,0,0,1,0,0
366,-0.2703190219756049,-1.1105343356889519,-1.3524687466408825,-0.82417785590101,-1.253133423925058,0,0,1,0,1,0,0,0,0,0,1,0,0,0,0,0,0,0,0,1,0,0,0,0,0,0,0,0,0,0,0,0,0,0,0,0,0,0,0,0,1,0,1,0,1,0
367,-1.0924462954220278,0.988988250255048,0.9051392613599253,-0.14466109850726988,-1.003253662340435,0,1,1,0,1,0,0,0,0,0,0,0,0,0,0,0,1,0,0,0,1,0,1,0,0,0,0,0,1,0,0,0,0,0,0,1,0,0,0,1,0,0,1,0,1,0
